State,District,Block,Total No. Of Works,Road Length,Sanction Cost
Andhra Pradesh,Srikakulam,Rajam,1,4.900,233.78
Andhra Pradesh,Srikakulam,Ranastalam,4,11.700,394.98
Andhra Pradesh,Srikakulam,Regidiamadalavalasa,2,6.000,230.05
Andhra Pradesh,Srikakulam,Santhabommali,2,7.450,270.50
Andhra Pradesh,Srikakulam,Santhakaviti, , , 
Andhra Pradesh,Srikakulam,Saravakota,3,12.100,466.25
Andhra Pradesh,Srikakulam,Sarubujjili,2,5.300,274.67
Andhra Pradesh,Srikakulam,Seethampeta,8,30.300,968.52
Andhra Pradesh,Srikakulam,Sompeta, , , 
Andhra Pradesh,Srikakulam,Srikakulam,1,1.400,20.88
Andhra Pradesh,Srikakulam,Tekkali, , , 
Andhra Pradesh,Srikakulam,Vajrapukothuru,1,1.320,49.95
Andhra Pradesh,Srikakulam,Vangara,2,5.000,232.05
Andhra Pradesh,Srikakulam,Veeraghattam,2,7.300,284.06
Andhra Pradesh,Tirupati,All Blocks, , , 
Andhra Pradesh,Visakhapatnam,Anakapalli,11,15.330,632.41
Andhra Pradesh,Visakhapatnam,Anandapuram,3,7.200,208.38
Andhra Pradesh,Visakhapatnam,Ananthagiri,4,16.360,523.12
Andhra Pradesh,Visakhapatnam,Araku Valley,4,11.680,401.51
Andhra Pradesh,Visakhapatnam,Atchutapuram,1,1.400,55.20
Andhra Pradesh,Visakhapatnam,Bheemunipatnam,2,4.140,114.99
Andhra Pradesh,Visakhapatnam,Butchayyapeta, , , 
Andhra Pradesh,Visakhapatnam,Cheedikada,1,0.770,21.70
Andhra Pradesh,Visakhapatnam,Chinagadila, , , 
Andhra Pradesh,Visakhapatnam,Chintapalle,2,17.500,602.33
Andhra Pradesh,Visakhapatnam,Chodavaram, , , 
Andhra Pradesh,Visakhapatnam,Devarapalle,3,17.900,496.29
Andhra Pradesh,Visakhapatnam,Dumbriguda, , , 
Andhra Pradesh,Visakhapatnam,Gajuwaka, , , 
Andhra Pradesh,Visakhapatnam,Gangaraju Madugula,1,9.000,308.00
Andhra Pradesh,Visakhapatnam,Golugonda,1,5.010,175.00
Andhra Pradesh,Visakhapatnam,Gudem Kothaveedhi,4,20.000,717.88
Andhra Pradesh,Visakhapatnam,Hukumpeta,1,6.000,240.00
Andhra Pradesh,Visakhapatnam,K Kotapadu,11,27.550,866.57
Andhra Pradesh,Visakhapatnam,Kasimkota, , , 
Andhra Pradesh,Visakhapatnam,Kotauratla,1,4.000,104.65
Andhra Pradesh,Visakhapatnam,Koyyuru,6,37.640,"1,187.60"
Andhra Pradesh,Visakhapatnam,Madugula, , , 
Andhra Pradesh,Visakhapatnam,Makavarapalem, , , 
Andhra Pradesh,Visakhapatnam,Munagapaka,1,3.650,149.21
Andhra Pradesh,Visakhapatnam,Munchingiputtu,5,22.090,759.40
Andhra Pradesh,Visakhapatnam,Nakkapalli,2,8.800,273.70
Andhra Pradesh,Visakhapatnam,Narsipatnam, , , 
Andhra Pradesh,Visakhapatnam,Nathavaram, , , 
Andhra Pradesh,Visakhapatnam,Paderu,4,38.660,"1,434.17"
Andhra Pradesh,Visakhapatnam,Padmanabham,5,10.320,284.54
Andhra Pradesh,Visakhapatnam,Paravada, , , 
Andhra Pradesh,Visakhapatnam,Payakaraopeta, , , 
Andhra Pradesh,Visakhapatnam,Pedabayalu,2,12.130,416.00
Andhra Pradesh,Visakhapatnam,Pedagantyada, , , 
Andhra Pradesh,Visakhapatnam,Pendurthi,1,1.580,48.34
Andhra Pradesh,Visakhapatnam,Rambilli, , , 
Andhra Pradesh,Visakhapatnam,Ravikamatham,2,5.700,159.24
Andhra Pradesh,Visakhapatnam,Rolugunta,3,11.025,366.40
Andhra Pradesh,Visakhapatnam,S Rayavaram,1,6.000,163.30
Andhra Pradesh,Visakhapatnam,Sabbavaram,1,3.000,117.45
Andhra Pradesh,Visakhapatnam,Visakhapatnam, , , 
Andhra Pradesh,Visakhapatnam,Yelamanchili, , , 
Andhra Pradesh,Vizianagaram,Badangi, , , 
Andhra Pradesh,Vizianagaram,Balijipeta,4,9.960,338.53
Andhra Pradesh,Vizianagaram,Bhoghapuram, , , 
Andhra Pradesh,Vizianagaram,Bobbili,2,2.610,112.93
Andhra Pradesh,Vizianagaram,Bondapalle,1,4.000,115.35
Andhra Pradesh,Vizianagaram,Cheepurupalle, , , 
Andhra Pradesh,Vizianagaram,Dattirajeru,4,10.050,432.98
Andhra Pradesh,Vizianagaram,Denkada,1,4.000,188.03
Andhra Pradesh,Vizianagaram,Gajapathinagaram,1,1.500,53.25
Andhra Pradesh,Vizianagaram,Gantyada,2,3.700,90.05
Andhra Pradesh,Vizianagaram,Garividi,2,6.300,240.93
Andhra Pradesh,Vizianagaram,Garugubilli, , , 
Andhra Pradesh,Vizianagaram,Gummalakshmipuram,3,5.500,265.23
Andhra Pradesh,Vizianagaram,Gurla,5,16.200,838.68
Andhra Pradesh,Vizianagaram,Jami,3,7.400,191.13
Andhra Pradesh,Vizianagaram,Jiyyamma Valasa,2,7.500,256.43
Andhra Pradesh,Vizianagaram,Komarada,2,10.100,401.62
Andhra Pradesh,Vizianagaram,Kothavalasa,1,2.200,78.20
Andhra Pradesh,Vizianagaram,Kurupam,2,12.780,508.52
Andhra Pradesh,Vizianagaram,Lakkavarapukota,1,5.000,169.04
Andhra Pradesh,Vizianagaram,Makkuva,1,1.100,27.00
Andhra Pradesh,Vizianagaram,Mentada,1,0.800,29.90
Andhra Pradesh,Vizianagaram,Merakamudidam,1,0.900,30.48
Andhra Pradesh,Vizianagaram,Nellimarla,1,3.200,177.10
Andhra Pradesh,Vizianagaram,Pachipenta, , , 
Andhra Pradesh,Vizianagaram,Parvathipuram,2,2.850,119.57
Andhra Pradesh,Vizianagaram,Pusapatirega, , , 
Andhra Pradesh,Vizianagaram,Ramabhadrapuram, , , 
Andhra Pradesh,Vizianagaram,Salur,3,21.875,"1,098.24"
Andhra Pradesh,Vizianagaram,Seethanagaram,1,2.340,164.80
Andhra Pradesh,Vizianagaram,Srungavarapukota, , , 
Andhra Pradesh,Vizianagaram,Therlam, , , 
Andhra Pradesh,Vizianagaram,Vepada,3,5.800,206.20
Andhra Pradesh,Vizianagaram,Vizianagaram, , , 
Andhra Pradesh,West Godavari,Achanta,2,4.600,225.83
Andhra Pradesh,West Godavari,AKIVIDU,1,3.100,107.22
Andhra Pradesh,West Godavari,Attili, , , 
Andhra Pradesh,West Godavari,Bheemavaram,1,2.980,120.06
Andhra Pradesh,West Godavari,Bhimadole,1,0.850,28.70
Andhra Pradesh,West Godavari,Buttayagudem,6,21.530,756.75
Andhra Pradesh,West Godavari,Chagallu,3,8.130,273.46
Andhra Pradesh,West Godavari,Chintalapudi, , , 
Andhra Pradesh,West Godavari,Denduluru,1,2.700,89.70
Andhra Pradesh,West Godavari,Devarapalle, , , 
Andhra Pradesh,West Godavari,Dwaraka Tirumala, , , 
Andhra Pradesh,West Godavari,Eluru, , , 
Andhra Pradesh,West Godavari,Ganapavaram,4,10.150,766.17
Andhra Pradesh,West Godavari,Gopalapuram,1,1.000,43.00
Andhra Pradesh,West Godavari,Iragavaram,2,2.300,57.96
Andhra Pradesh,West Godavari,Jangareddigudem,2,5.910,239.60
Andhra Pradesh,West Godavari,Jeelugumilli, , , 
Andhra Pradesh,West Godavari,Kalla, , , 
Andhra Pradesh,West Godavari,Kamavarapukota,1,2.020,82.80
Andhra Pradesh,West Godavari,Kovvur,1,2.910,74.75
Andhra Pradesh,West Godavari,Koyyalagudem, , , 
Andhra Pradesh,West Godavari,Lingapalem,7,16.270,652.80
Andhra Pradesh,West Godavari,Mogalthur,3,6.900,246.83
Andhra Pradesh,West Godavari,Nallajerla,1,2.000,40.00
Andhra Pradesh,West Godavari,Narasapuram,1,1.820,40.25
Andhra Pradesh,West Godavari,Nidadavole,2,4.200,180.55
Andhra Pradesh,West Godavari,Nidamarru,,,
Andhra Pradesh,West Godavari,Palacole,,,
Andhra Pradesh,West Godavari,Palakoderu,,,
Andhra Pradesh,West Godavari,Pedapadu,,,
Andhra Pradesh,West Godavari,Pedavegi,,,
Andhra Pradesh,West Godavari,Pentapadu,,,
Andhra Pradesh,West Godavari,Penugonda,,,
Andhra Pradesh,West Godavari,Penumantra,,,
Andhra Pradesh,West Godavari,Peravali,,,
Andhra Pradesh,West Godavari,Poduru,,,
Andhra Pradesh,West Godavari,Polavaram,,,
Andhra Pradesh,West Godavari,T Narasapuram,,,
Andhra Pradesh,West Godavari,Tadepalligudem,,,
Andhra Pradesh,West Godavari,Tanuku,,,
Andhra Pradesh,West Godavari,Thallapudi,,,
Andhra Pradesh,West Godavari,Undi,,,
Andhra Pradesh,West Godavari,Undrajavaram,,,
Andhra Pradesh,West Godavari,Unguturu,,,
Andhra Pradesh,West Godavari,Veeravasaram,,,
Andhra Pradesh,West Godavari,Yelamanchili,,,
Andhra Pradesh,West Godavari,Kukunoor,,,
Andhra Pradesh,West Godavari,Velairpad,,,
Andhra Pradesh,West Godavari,Burgampadu,,,
Andhra Pradesh,West Godavari,Burgampadu,,,
Andhra Pradesh,Y S R Kadapa,Atlur,,,
Andhra Pradesh,Y S R Kadapa,B Kodur,,,
Andhra Pradesh,Y S R Kadapa,B Mattam,,,
Andhra Pradesh,Y S R Kadapa,Badvel,,,
Andhra Pradesh,Y S R Kadapa,C K Dinne,,,
Andhra Pradesh,Y S R Kadapa,Chakrayapet,,,
Andhra Pradesh,Y S R Kadapa,Chapadu,,,
Andhra Pradesh,Y S R Kadapa,Chennur,,,
Andhra Pradesh,Y S R Kadapa,Chinnamandem,,,
Andhra Pradesh,Y S R Kadapa,Chitvel,,,
Andhra Pradesh,Y S R Kadapa,Cuddapah,,,
Andhra Pradesh,Y S R Kadapa,Duvvur,,,
Andhra Pradesh,Y S R Kadapa,Galiveedu,,,
Andhra Pradesh,Y S R Kadapa,Gopavaram,,,
Andhra Pradesh,Y S R Kadapa,Jammalamadugu,,,
Andhra Pradesh,Y S R Kadapa,Kalasapadu,,,
Andhra Pradesh,Y S R Kadapa,Kamalapuram,,,
Andhra Pradesh,Y S R Kadapa,Khajipet,,,
Andhra Pradesh,Y S R Kadapa,Kodur,,,
Andhra Pradesh,Y S R Kadapa,Kondapuram,,,
Andhra Pradesh,Y S R Kadapa,Lakkireddipalle,,,
Andhra Pradesh,Kurnool,Kodumur,1,3.800,139.94
Andhra Pradesh,Kurnool,Koilkuntla, , , 
Andhra Pradesh,Kurnool,Kolimigundla, , , 
Andhra Pradesh,Kurnool,Kosigi, , , 
Andhra Pradesh,Kurnool,Kothapalle,1,2.000,81.50
Andhra Pradesh,Kurnool,Kowthalam,1,1.850,56.81
Andhra Pradesh,Kurnool,Krishnagiri,2,11.200,339.53
Andhra Pradesh,Kurnool,Kurnool,2,7.300,217.27
Andhra Pradesh,Kurnool,Maddikera East,2,3.800,104.41
Andhra Pradesh,Kurnool,Mahanandi, , , 
Andhra Pradesh,Kurnool,Mantralayam, , , 
Andhra Pradesh,Kurnool,Midthur, , , 
Andhra Pradesh,Kurnool,Nandavaram,1,0.650,23.50
Andhra Pradesh,Kurnool,Nandi Kotkur, , , 
Andhra Pradesh,Kurnool,Nandyal, , , 
Andhra Pradesh,Kurnool,Orvakal, , , 
Andhra Pradesh,Kurnool,Owk, , , 
Andhra Pradesh,Kurnool,Pagidyala, , , 
Andhra Pradesh,Kurnool,Pamulapadu,1,6.000,228.00
Andhra Pradesh,Kurnool,Panyam, , , 
Andhra Pradesh,Kurnool,Pattikonda, , , 
Andhra Pradesh,Kurnool,Peapally,2,10.600,178.37
Andhra Pradesh,Kurnool,Pedda Kadubur,2,1.655,50.65
Andhra Pradesh,Kurnool,Rudravaram,2,4.500,148.00
Andhra Pradesh,Kurnool,Sanjamala, , , 
Andhra Pradesh,Kurnool,Sirvel, , , 
Andhra Pradesh,Kurnool,Srisailam, , , 
Andhra Pradesh,Kurnool,Tuggali, , , 
Andhra Pradesh,Kurnool,Uyyalawada, , , 
Andhra Pradesh,Kurnool,Veldurthi,1,1.400,48.52
Andhra Pradesh,Kurnool,Velgodu,1,0.710,35.39
Andhra Pradesh,Kurnool,Yemmiganur,2,4.850,112.10
Andhra Pradesh,Nandyal,All Blocks, , , 
Andhra Pradesh,Nellore,Allur, , , 
Andhra Pradesh,Nellore,Ananthasagaram, , , 
Andhra Pradesh,Nellore,Anumasamudrampeta, , , 
Andhra Pradesh,Nellore,Atmakur, , , 
Andhra Pradesh,Nellore,Balayapalle, , , 
Andhra Pradesh,Nellore,Bogole,1,4.125,143.00
Andhra Pradesh,Nellore,Butchireddipalem,2,4.400,169.00
Andhra Pradesh,Nellore,Chejerla, , , 
Andhra Pradesh,Nellore,Chillakur, , , 
Andhra Pradesh,Nellore,Chittamur,1,1.400,63.10
Andhra Pradesh,Nellore,Dagadarthi,3,6.300,266.59
Andhra Pradesh,Nellore,Dakkili,3,5.900,225.46
Andhra Pradesh,Nellore,Doravarisatram,1,1.000,30.47
Andhra Pradesh,Nellore,Duttalur, , , 
Andhra Pradesh,Nellore,Gudur,3,6.600,222.40
Andhra Pradesh,Nellore,Indukurpet,3,13.200,477.70
Andhra Pradesh,Nellore,Jaladanki,1,6.000,166.22
Andhra Pradesh,Nellore,Kaligiri,1,3.750,110.57
Andhra Pradesh,Nellore,Kaluvoya,2,10.000,328.00
Andhra Pradesh,Nellore,Kavali,1,8.950,331.50
Andhra Pradesh,Nellore,Kodavalur,1,2.000,80.25
Andhra Pradesh,Nellore,Kondapuram,2,8.325,269.78
Andhra Pradesh,Nellore,Kota,1,4.500,146.00
Andhra Pradesh,Nellore,Kovur, , , 
Andhra Pradesh,Nellore,Manubolu,3,6.700,199.93
Andhra Pradesh,Nellore,Marripadu,2,2.350,92.89
Andhra Pradesh,Nellore,Muthukur,2,7.600,301.70
Andhra Pradesh,Nellore,Naidupeta,1,3.800,68.42
Andhra Pradesh,Nellore,Nellore,1,3.400,91.00
Andhra Pradesh,Nellore,Ojili, , , 
Andhra Pradesh,Nellore,Pellakur,2,2.700,58.84
Andhra Pradesh,Nellore,Podlakur,4,36.115,"1,192.17"
Andhra Pradesh,Nellore,Rapur,1,7.000,212.60
Andhra Pradesh,Nellore,Sangam,2,5.000,237.70
Andhra Pradesh,Nellore,Seetharamapuram,3,6.700,224.13
Andhra Pradesh,Nellore,Sullurpeta, , , 
Andhra Pradesh,Nellore,Sydapuram,3,8.200,247.60
Andhra Pradesh,Nellore,Tada,1,3.550,57.70
Andhra Pradesh,Nellore,Thotapalligudur, , , 
Andhra Pradesh,Nellore,Udayagiri,2,2.786,116.56
Andhra Pradesh,Nellore,Vakadu,1,2.900,82.51
Andhra Pradesh,Nellore,Varikuntapadu, , , 
Andhra Pradesh,Nellore,Venkatachalam, , , 
Andhra Pradesh,Nellore,Venkatagiri,2,5.500,174.34
Andhra Pradesh,Nellore,Vidavalur,4,11.810,628.80
Andhra Pradesh,Nellore,Vinjamur,1,8.900,301.54
Andhra Pradesh,Ntr,All Blocks, , , 
Andhra Pradesh,Palnadu,All Blocks, , , 
Andhra Pradesh,Parvathipuram Manyam,All Blocks, , , 
Andhra Pradesh,Prakasam,Addanki, , , 
Andhra Pradesh,Prakasam,Ardhaveedu,3,7.200,251.90
Andhra Pradesh,Prakasam,Ballikuruva,1,5.500,206.00
Andhra Pradesh,Prakasam,Bestavaripeta, , , 
Andhra Pradesh,Prakasam,Chadrasekarapuram,2,8.500,316.65
Andhra Pradesh,Prakasam,Chimakurthi,1,7.500,229.25
Andhra Pradesh,Prakasam,Chinaganjam, , , 
Andhra Pradesh,Prakasam,Chirala,2,7.600,232.00
Andhra Pradesh,Prakasam,Cumbum, , , 
Andhra Pradesh,Prakasam,Darsi, , , 
Andhra Pradesh,Prakasam,Donakonda,2,36.900,"1,333.82"
Andhra Pradesh,Prakasam,Dornala, , , 
Andhra Pradesh,Prakasam,Giddaluru,1,8.500,239.50
Andhra Pradesh,Prakasam,Gudluru, , , 
Andhra Pradesh,Prakasam,Hanumanthunipadu, , , 
Andhra Pradesh,Prakasam,Inkollu, , , 
Andhra Pradesh,Prakasam,Janakavarampanguluru,1,5.620,173.12
Andhra Pradesh,Prakasam,Kandukur,2,17.600,559.06
Andhra Pradesh,Prakasam,Kanigiri,1,3.050,105.59
Andhra Pradesh,Prakasam,Karamchedu,1,3.200,103.00
Andhra Pradesh,Prakasam,Komarolu, , , 
Andhra Pradesh,Prakasam,Konakanamitla, , , 
Andhra Pradesh,Prakasam,Kondapi,1,12.700,425.42
Andhra Pradesh,Prakasam,Korisapadu, , , 
Andhra Pradesh,Prakasam,Kothapatnam,1,3.540,107.01
Andhra Pradesh,Prakasam,Kurichedu,1,11.900,421.00
Andhra Pradesh,Prakasam,Lingasamudram,4,16.726,543.92
Andhra Pradesh,Prakasam,Maddipadu, , , 
Andhra Pradesh,Prakasam,Markapur, , , 
Andhra Pradesh,Prakasam,Marripudi, , , 
Andhra Pradesh,Prakasam,Martur,2,10.500,446.00
Andhra Pradesh,Prakasam,Mundlamuru,2,14.200,525.98
Andhra Pradesh,Prakasam,Naguluppalapadu, , , 
Andhra Pradesh,Prakasam,Ongole, , , 
Andhra Pradesh,Prakasam,Pamur,4,15.700,525.93
Andhra Pradesh,Prakasam,Parchur,1,9.600,91.50
Andhra Pradesh,Prakasam,Pedaaraveedu,,,
Andhra Pradesh,Prakasam,Pedacherlopalle,,,
Andhra Pradesh,Prakasam,Podili,,,
Andhra Pradesh,Prakasam,Ponnaluru,,,
Andhra Pradesh,Prakasam,Pullalacheruvu,,,
Andhra Pradesh,Prakasam,Racherla,,,
Andhra Pradesh,Prakasam,Santhamaguluru,,,
Andhra Pradesh,Prakasam,Santhanuthlapadu,,,
Andhra Pradesh,Prakasam,Singarayakonda,,,
Andhra Pradesh,Prakasam,Tangutur,,,
Andhra Pradesh,Prakasam,Tarlapadu,,,
Andhra Pradesh,Prakasam,Thallur,,,
Andhra Pradesh,Prakasam,Tripuranthakam,,,
Andhra Pradesh,Prakasam,Ulavapadu,,,
Andhra Pradesh,Prakasam,Veligandla,,,
Andhra Pradesh,Prakasam,Vetapalem,,,
Andhra Pradesh,Prakasam,Voletivaripalem,,,
Andhra Pradesh,Prakasam,Yeddanapudi,,,
Andhra Pradesh,Prakasam,Yerragondapalem,,,
Andhra Pradesh,Prakasam,Zarugumilli,,,
Andhra Pradesh,Sri Sathya Sai,All Blocks,,,
Andhra Pradesh,Srikakulam,Amadalavalasa,,,
Andhra Pradesh,Srikakulam,Bhamini,,,
Andhra Pradesh,Srikakulam,Burja,,,
Andhra Pradesh,Srikakulam,Etcherla,,,
Andhra Pradesh,Srikakulam,Ganguvari Singadam,,,
Andhra Pradesh,Srikakulam,Gara,,,
Andhra Pradesh,Srikakulam,Hiramandalam,,,
Andhra Pradesh,Srikakulam,Ichchapuram,,,
Andhra Pradesh,Srikakulam,Jalumuru,,,
Andhra Pradesh,Srikakulam,Kanchili,,,
Andhra Pradesh,Srikakulam,Kaviti,,,
Andhra Pradesh,Srikakulam,Kotabommili,,,
Andhra Pradesh,Srikakulam,Kothuru,,,
Andhra Pradesh,Srikakulam,L N Peta,,,
Andhra Pradesh,Srikakulam,Laveru,,,
Andhra Pradesh,Srikakulam,Mandasa,,,
Andhra Pradesh,Srikakulam,Meilaputti,,,
Andhra Pradesh,Srikakulam,Nandigam,,,
Andhra Pradesh,Srikakulam,Narasannapeta,,,
Andhra Pradesh,Srikakulam,Palakonda,,,
Andhra Pradesh,Srikakulam,Palasa,,,
Andhra Pradesh,Srikakulam,Pathapatnam,,,
Andhra Pradesh,Srikakulam,Polaki,,,
Andhra Pradesh,Srikakulam,Ponduru,,,
Rajasthan,Dholpur,Rajakhera, , , 
Rajasthan,Didwana Kuchaman,Didwana,1,10.500,254.01
Rajasthan,Didwana Kuchaman,Ladnu, , , 
Rajasthan,Didwana Kuchaman,Parbatsar,1,8.000,186.20
Rajasthan,Didwana Kuchaman,Makrana, , , 
Rajasthan,Didwana Kuchaman,Kuchaman City,1,20.000,336.66
Rajasthan,Dudu,Dudu,3,40.130,"1,039.43"
Rajasthan,Dungarpur,Aspur, , , 
Rajasthan,Dungarpur,Bichhiwara, , , 
Rajasthan,Dungarpur,Dungarpur, , , 
Rajasthan,Dungarpur,Sagwara, , , 
Rajasthan,Dungarpur,Simalwara, , , 
Rajasthan,Gangapurcity,Nadoti,1,10.200,214.71
Rajasthan,Gangapurcity,Gangapur,2,15.200,455.49
Rajasthan,Gangapurcity,Todabhim,5,27.590,503.73
Rajasthan,Gangapurcity,Bamanwas,1,5.500,167.45
Rajasthan,Hanumangarh,Bhadra,1,27.000,742.06
Rajasthan,Hanumangarh,Hanumangarh, , , 
Rajasthan,Hanumangarh,Nohar, , , 
Rajasthan,Hanumangarh,Pilibanga, , , 
Rajasthan,Hanumangarh,Rawatsar,1,4.000,121.04
Rajasthan,Hanumangarh,Sangaria,1,6.000,222.40
Rajasthan,Hanumangarh,Tibi, , , 
Rajasthan,Jaipur,All Blocks, , , 
Rajasthan,Jaipur Gramin,Phagi,1,11.140,298.79
Rajasthan,Jaipur Gramin,Jhotwara,1,10.330,249.77
Rajasthan,Jaipur Gramin,Amber,3,40.000,969.28
Rajasthan,Jaipur Gramin,Bassi,2,27.680,748.30
Rajasthan,Jaipur Gramin,Chaksu,3,35.100,"1,018.37"
Rajasthan,Jaipur Gramin,Govindgarh,1,13.760,320.37
Rajasthan,Jaipur Gramin,Jamwa Ramgarh,2,24.000,613.04
Rajasthan,Jaipur Gramin,Sambhar,2,25.400,602.29
Rajasthan,Jaipur Gramin,Sanganer, , , 
Rajasthan,Jaipur Gramin,Shahpura,1,12.630,323.16
Rajasthan,Jaisalmer,Jaisalmer,14,103.000,"1,839.31"
Rajasthan,Jaisalmer,Sam,8,74.700,"1,268.36"
Rajasthan,Jaisalmer,Sankra (Pokaran),4,52.000,945.91
Rajasthan,Jalor,Ahore, , , 
Rajasthan,Jalor,Bhinmal, , , 
Rajasthan,Jalor,Jalor, , , 
Rajasthan,Jalor,Jaswantpura, , , 
Rajasthan,Jalor,Sayla, , , 
Rajasthan,Jhalawar,Bakani, , , 
Rajasthan,Jhalawar,Dug, , , 
Rajasthan,Jhalawar,Jhalrapatan, , , 
Rajasthan,Jhalawar,Khanpur, , , 
Rajasthan,Jhalawar,Manohar Thana, , , 
Rajasthan,Jhalawar,Pirawa (Sunel),1,30.400,819.56
Rajasthan,Jhunjhunun,Alsisar, , , 
Rajasthan,Jhunjhunun,Buhana,4,16.000,431.46
Rajasthan,Jhunjhunun,Chirawa,3,14.200,358.74
Rajasthan,Jhunjhunun,Jhunjhunun,8,78.500,"1,763.77"
Rajasthan,Jhunjhunun,Nawalgarh,4,36.750,917.04
Rajasthan,Jhunjhunun,Surajgarh,4,18.500,454.90
Rajasthan,Jodhpur,All Blocks, , , 
Rajasthan,Jodhpur Gramin,Bilara,4,31.250,338.80
Rajasthan,Jodhpur Gramin,Balesar,4,29.350,568.71
Rajasthan,Jodhpur Gramin,Baori,1,5.000,87.02
Rajasthan,Jodhpur Gramin,Bhopalgarh,4,35.000,784.76
Rajasthan,Jodhpur Gramin,Luni,3,22.600,223.86
Rajasthan,Jodhpur Gramin,Mandor,2,13.500,174.98
Rajasthan,Jodhpur Gramin,Osian,4,24.050,276.87
Rajasthan,Jodhpur Gramin,Shergarh,3,18.000,254.65
Rajasthan,Karauli,Hindaun,1,12.300,145.26
Rajasthan,Karauli,Karauli,1,12.000,251.42
Rajasthan,Karauli,Sapotra,1,10.000,175.94
Rajasthan,Kekri,Bhinay, , , 
Rajasthan,Kekri,Kekri, , , 
Rajasthan,Khairthal Tijara,Kishangarh Bas, , , 
Rajasthan,Khairthal Tijara,Kotkasim, , , 
Rajasthan,Khairthal Tijara,Mundawar,3,38.130,850.03
Rajasthan,Khairthal Tijara,Tijara,3,42.200,976.00
Rajasthan,Kota,Itawa,1,11.100,327.80
Rajasthan,Kota,Kherabad,1,6.500,193.17
Rajasthan,Kota,Ladpura,1,6.550,195.28
Rajasthan,Kota,Sangod, , , 
Rajasthan,Kota,Sultanpur,1,29.500,842.18
Rajasthan,Kotputli Behror,Bansur,5,64.075,"1,903.98"
Rajasthan,Kotputli Behror,Nimrana,1,10.150,259.39
Rajasthan,Kotputli Behror,Behror, , , 
Rajasthan,Kotputli Behror,Kotputli, , , 
Rajasthan,Kotputli Behror,Viratnagar (Bairath),1,15.930,400.01
Rajasthan,Nagaur,Degana,1,2.600,60.33
Rajasthan,Nagaur,Jayal,1,19.530,352.00
Rajasthan,Nagaur,Merta,2,9.500,214.94
Rajasthan,Nagaur,Mundwa,1,29.200,555.63
Rajasthan,Nagaur,Nagaur, , , 
Rajasthan,Nagaur,Riyan, , , 
Rajasthan,Neem Ka Thana,Udaipurwati, , , 
Rajasthan,Neem Ka Thana,Khetri,4,23.500,645.75
Rajasthan,Neem Ka Thana,Neem Ka Thana,2,31.000,720.54
Rajasthan,Neem Ka Thana,Sri Madhopur,2,29.650,555.86
Rajasthan,Pali,Bali,2,25.500,711.23
Rajasthan,Pali,Desuri, , , 
Rajasthan,Pali,Marwar Junction, , , 
Rajasthan,Pali,Pali,1,13.000,366.94
Rajasthan,Pali,Rani, , , 
Rajasthan,Pali,Rohat, , , 
Rajasthan,Pali,Sojat, , , 
Rajasthan,Pali,Sumerpur, , , 
Rajasthan,Phalodi,Bap,5,58.000,795.63
Rajasthan,Phalodi,Phalodi,5,25.000,436.44
Rajasthan,Pratapgarh,Arnod,1,10.000,299.93
Rajasthan,Pratapgarh,Chhoti Sadri,1,12.000,358.68
Rajasthan,Pratapgarh,Dhariawad, , , 
Rajasthan,Pratapgarh,Peepal Khoont,1,10.000,286.53
Rajasthan,Pratapgarh,Pratapgarh, , , 
Rajasthan,Rajsamand,Amet,1,10.100,202.43
Rajasthan,Rajsamand,Bhim,1,12.000,357.70
Rajasthan,Rajsamand,Deogarh,1,11.500,202.38
Rajasthan,Rajsamand,Khamnor,3,64.300,"1,828.17"
Rajasthan,Rajsamand,Kumbhalgarh, , , 
Rajasthan,Rajsamand,Railmagra,3,45.000,"1,464.64"
Rajasthan,Rajsamand,Rajsamand,,,
Rajasthan,Salumbar,Lasadiya,,,
Rajasthan,Salumbar,Lasadiya,,,
Rajasthan,Salumbar,Lasadiya,,,
Rajasthan,Salumbar,Salumbar,,,
Rajasthan,Salumbar,Sarada,,,
Rajasthan,Sanchor,Raniwara,,,
Rajasthan,Sanchor,Sanchore,,,
Rajasthan,Sanchor,Chitalwana,,,
Rajasthan,Sawaimadhopur,Bonli,,,
Rajasthan,Sawaimadhopur,Khandar,,,
Rajasthan,Sawaimadhopur,Sawaimadhopur,,,
Rajasthan,Shahpura,Banera,,,
Rajasthan,Shahpura,Jahazpur,,,
Rajasthan,Shahpura,Kotri,,,
Rajasthan,Shahpura,Shahpura,,,
Rajasthan,Sikar,Danta Ramgarh,,,
Rajasthan,Sikar,Dhod,,,
Rajasthan,Sikar,Fatehpur,,,
Rajasthan,Sikar,Khandela,,,
Rajasthan,Sikar,Lachhmangarh,,,
Rajasthan,Sikar,Piprali,,,
Rajasthan,Sirohi,Abu Road,,,
Rajasthan,Sirohi,Pindwara,,,
Rajasthan,Sirohi,Reodar,,,
Rajasthan,Sirohi,Sheoganj,,,
Rajasthan,Sirohi,Sirohi,,,
Rajasthan,Sri Ganganagar,Ganganagar,,,
Rajasthan,Sri Ganganagar,Karanpur,,,
Rajasthan,Sri Ganganagar,Padampur,,,
Rajasthan,Sri Ganganagar,Sadulshahar,,,
Rajasthan,Sri Ganganagar,Suratgarh,,,
Rajasthan,Tonk,Deoli,,,
Rajasthan,Tonk,Malpura,,,
Rajasthan,Tonk,Niwai,,,
Rajasthan,Tonk,Todaraisingh,,,
Rajasthan,Tonk,Tonk,,,
Rajasthan,Tonk,Uniara,,,
Rajasthan,Udaipur,Bargaon,,,
Rajasthan,Udaipur,Bhindar,,,
Rajasthan,Udaipur,Girwa,,,
Rajasthan,Udaipur,Gogunda,,,
Rajasthan,Udaipur,Jhadol,,,
Rajasthan,Udaipur,Kherwara,,,
Rajasthan,Udaipur,Kotra,,,
Rajasthan,Udaipur,Mavli,,,
Bihar,Sitamarhi,Major Ganj,5,14.904,867.89
Bihar,Sitamarhi,Nanpur,4,11.893,715.77
Bihar,Sitamarhi,Parihar,30,79.819,"5,819.10"
Bihar,Sitamarhi,Parsauni,24,39.099,"2,143.08"
Bihar,Sitamarhi,Pupari,21,48.186,"2,987.69"
Bihar,Sitamarhi,Riga,20,60.728,"4,001.91"
Bihar,Sitamarhi,Runnisaidpur,27,102.947,"5,912.21"
Bihar,Sitamarhi,Sonbarsa,30,125.024,"7,734.49"
Bihar,Sitamarhi,Suppi,9,26.563,"1,691.32"
Bihar,Sitamarhi,Sursand,32,98.060,"6,541.09"
Bihar,Siwan,Andar,6,31.800,"1,518.45"
Bihar,Siwan,Barharia,5,14.650,659.54
Bihar,Siwan,Basantpur,1,2.450,126.42
Bihar,Siwan,Bhagwanpur Hat,1,2.050,90.84
Bihar,Siwan,Darauli,8,34.800,"1,662.11"
Bihar,Siwan,Daraundha, , , 
Bihar,Siwan,Goraiyakothi,7,25.900,"1,211.99"
Bihar,Siwan,Guthani,6,16.900,853.22
Bihar,Siwan,Hasanpura,1,2.350,96.29
Bihar,Siwan,Hussainganj,5,18.335,846.08
Bihar,Siwan,Lakri Nabiganj, , , 
Bihar,Siwan,Maharajganj,8,28.625,"1,376.09"
Bihar,Siwan,Mairwa,4,20.400,892.05
Bihar,Siwan,Nautan, , , 
Bihar,Siwan,Panchrukhi,4,9.725,489.75
Bihar,Siwan,Raghunathpur,1,4.550,190.79
Bihar,Siwan,Siswan,8,17.000,820.99
Bihar,Siwan,Siwan,3,8.400,390.72
Bihar,Siwan,Ziradei, , , 
Bihar,Supaul,Basantpur,8,37.817,"1,921.60"
Bihar,Supaul,Chhatapur,1,2.290,138.61
Bihar,Supaul,Kishanpur,4,12.210,652.21
Bihar,Supaul,Marauna,1,8.260,487.91
Bihar,Supaul,Nirmalli,2,3.632,206.71
Bihar,Supaul,Pipra,6,36.959,"1,856.84"
Bihar,Supaul,Pratapganj,1,4.180,226.46
Bihar,Supaul,Raghopur,8,40.135,"2,065.21"
Bihar,Supaul,Saraigarh Bhaptiahi, , , 
Bihar,Supaul,Supaul,7,25.749,"1,225.75"
Bihar,Supaul,Triveniganj,4,23.224,"1,169.27"
Bihar,Vaishali,Bhagwanpur,21,66.800,"3,275.99"
Bihar,Vaishali,Bidupur,15,33.210,"1,695.51"
Bihar,Vaishali,Chehrakala,12,38.808,"1,726.86"
Bihar,Vaishali,Desari,2,6.609,289.63
Bihar,Vaishali,Goroul,29,59.369,"2,952.53"
Bihar,Vaishali,Hajipur,29,66.135,"3,076.21"
Bihar,Vaishali,Jandaha,11,48.300,"2,255.99"
Bihar,Vaishali,Lalganj,17,47.150,"2,283.70"
Bihar,Vaishali,Mahnar,9,20.559,966.19
Bihar,Vaishali,Mahua,8,32.120,"1,433.14"
Bihar,Vaishali,Patepur,19,75.543,"3,235.18"
Bihar,Vaishali,Paterhi Belsar,19,39.760,"2,047.94"
Bihar,Vaishali,Raghopur,5,28.500,"1,743.05"
Bihar,Vaishali,Rajapakar,14,38.060,"1,798.95"
Bihar,Vaishali,Sahdai Bujurg,7,21.491,"1,030.37"
Bihar,Vaishali,Vaishali,37,111.216,"5,672.65"
Bihar,West Champaran,Bairia,11,33.626,"2,232.04"
Bihar,West Champaran,Bettiah,13,28.124,"1,647.62"
Bihar,West Champaran,Bgaha,18,104.740,"5,654.36"
Bihar,West Champaran,Bhitaha,9,39.066,"2,209.37"
Bihar,West Champaran,Chanpatia,18,69.933,"4,185.64"
Bihar,West Champaran,Gaunaha,23,106.725,"6,197.24"
Bihar,West Champaran,Lauriya,20,73.927,"4,485.75"
Bihar,West Champaran,Madhubani,8,33.387,"1,586.46"
Bihar,West Champaran,Mainatanr,30,124.580,"7,205.51"
Bihar,West Champaran,Manjhaulia,16,60.200,"3,530.22"
Bihar,West Champaran,Narkatiaganj,23,100.015,"5,909.88"
Bihar,West Champaran,Nautan,22,65.813,"4,169.68"
Bihar,West Champaran,Piparasi,3,20.756,"1,244.77"
Bihar,West Champaran,Ramnagar,15,95.652,"5,079.20"
Bihar,West Champaran,Sidhaw,24,145.187,"7,029.30"
Bihar,West Champaran,Sikta,16,84.269,"5,186.11"
Bihar,West Champaran,Thakrahan,4,9.283,612.75
Bihar,West Champaran,Yogapatti,24,84.039,"5,045.95"
Haryana,Ambala,Ambala,1,9.300,480.72
Haryana,Ambala,Barara, , , 
Haryana,Ambala,Naraingarh, , , 
Haryana,Ambala,Shahzadpur, , , 
Haryana,Ambala,Ambala II, , , 
Haryana,Ambala,Saha, , , 
Haryana,Bhiwani,Bawani Khera, , , 
Haryana,Bhiwani,Bhiwani,2,24.810,"1,480.47"
Haryana,Bhiwani,Kairu, , , 
Haryana,Bhiwani,Loharu,1,24.300,"1,306.14"
Haryana,Bhiwani,Siwani,2,25.740,"1,742.47"
Haryana,Bhiwani,Tosham,2,27.490,"1,792.06"
Haryana,Bhiwani,Behal, , , 
Haryana,Charkhi Dadri,Badhra,1,12.680,812.23
Haryana,Charkhi Dadri,Dadri-I, , , 
Haryana,Charkhi Dadri,Dadri-II,2,11.000,650.28
Haryana,Charkhi Dadri,Dadri-I, , , 
Haryana,Charkhi Dadri,Badhra,1,12.680,812.23
Haryana,Charkhi Dadri,Dadri-II,2,11.000,650.28
Haryana,Faridabad,Ballabgarh,2,6.080,237.07
Haryana,Faridabad,Faridabad, , , 
Haryana,Fatehabad,Bhattu Kalan, , , 
Haryana,Fatehabad,Bhuna, , , 
Haryana,Fatehabad,Fatehabad,1,6.810,419.96
Haryana,Fatehabad,Ratia,2,25.010,"1,641.17"
Haryana,Fatehabad,Tohana,1,10.120,668.82
Haryana,Fatehabad,Jakhal, , , 
Haryana,Gurgaon,Farukh Nagar, , , 
Haryana,Gurgaon,Gurgaon, , , 
Haryana,Gurgaon,Pataudi, , , 
Haryana,Gurgaon,Sohna,2,9.650,459.00
Haryana,Hisar,Adampur, , , 
Haryana,Hisar,Agroha, , , 
Haryana,Hisar,Barwala, , , 
Haryana,Hisar,Hansi I, , , 
Haryana,Hisar,Hansi-II, , , 
Haryana,Hisar,Hisar I,2,24.000,"1,300.67"
Haryana,Hisar,Hisar-II, , , 
Haryana,Hisar,Narnaund, , , 
Haryana,Hisar,Uklana, , , 
Haryana,Jhajjar,Bahadurgarh,1,11.890,658.70
Haryana,Jhajjar,Beri,,,
Haryana,Jhajjar,Jhajjar,,,
Haryana,Jhajjar,Matenhail,,,
Haryana,Jhajjar,Sahlawas,,,
Haryana,Jind,Alewa,,,
Haryana,Jind,Jind,,,
Haryana,Jind,Julana,,,
Haryana,Jind,Narwana,,,
Haryana,Jind,Pillukhera,,,
Haryana,Jind,Safidon,,,
Haryana,Jind,Uchana Kalan,,,
Haryana,Kaithal,Guhla,,,
Haryana,Kaithal,Kaithal,,,
Haryana,Kaithal,Kalayat,,,
Haryana,Kaithal,Pundri,,,
Haryana,Kaithal,Rajound,,,
Haryana,Kaithal,Siwan,,,
Haryana,Karnal,Assandh,,,
Haryana,Karnal,Gharaunda,,,
Haryana,Karnal,Indri,,,
Haryana,Karnal,Karnal,,,
Haryana,Karnal,Nilo Kheri,,,
Haryana,Karnal,Nissing,,,
Haryana,Kurukshetra,Babain,,,
Haryana,Kurukshetra,Ladwa,,,
Haryana,Kurukshetra,Pehowa,,,
Haryana,Kurukshetra,Shahbad,,,
Haryana,Kurukshetra,Thanesar,,,
Haryana,Kurukshetra,Ismailabad,,,
Haryana,Mewat,Firozepur Jhirkha,,,
Haryana,Mewat,Nagina,,,
Haryana,Mewat,Nuh,,,
Haryana,Mewat,Punhana,,,
Haryana,Mewat,Taoru,,,
Haryana,Mohindergarh,Ateli Nangal,,,
Haryana,Mohindergarh,Kanina,,,
Haryana,Mohindergarh,Mohindergarh,,,
Haryana,Mohindergarh,Nangal Chaudhary,,,
Haryana,Mohindergarh,Narnaul,,,
Haryana,Mohindergarh,Nizampur,,,
Haryana,Mohindergarh,Satnali,,,
Haryana,Mohindergarh,Sihma,,,
Haryana,Palwal,Hassanpur,,,
Haryana,Palwal,Hathin,,,
Haryana,Palwal,Palwal,,,
Haryana,Palwal,Hodal,,,
Haryana,Palwal,Prithla,,,
Haryana,Panchkula,Barwala,,,
Andhra Pradesh,East Godavari,Mandapeta, , , 
Andhra Pradesh,East Godavari,Maredumilli,3,42.000,"1,471.67"
Andhra Pradesh,East Godavari,Mummidivaram,4,10.800,368.88
Andhra Pradesh,East Godavari,P Gannavaram,3,5.410,235.00
Andhra Pradesh,East Godavari,Pamarru,1,1.720,71.30
Andhra Pradesh,East Godavari,Pedapudi, , , 
Andhra Pradesh,East Godavari,Peddapuram,1,2.000,57.50
Andhra Pradesh,East Godavari,Pithapuram, , , 
Andhra Pradesh,East Godavari,Prathipadu,1,1.400,63.00
Andhra Pradesh,East Godavari,Rajahmundry(Rural), , , 
Andhra Pradesh,East Godavari,Rajanagaram,1,2.140,86.30
Andhra Pradesh,East Godavari,Rajavommangi,1,5.000,150.10
Andhra Pradesh,East Godavari,Ramachandrapuram, , , 
Andhra Pradesh,East Godavari,Rampachodavaram, , , 
Andhra Pradesh,East Godavari,Rangampeta, , , 
Andhra Pradesh,East Godavari,Ravulapalem,1,1.880,54.05
Andhra Pradesh,East Godavari,Rayavaram, , , 
Andhra Pradesh,East Godavari,Razole,2,2.720,96.37
Andhra Pradesh,East Godavari,Sakhinetipalle,3,2.780,97.00
Andhra Pradesh,East Godavari,Samalkota,1,2.000,94.15
Andhra Pradesh,East Godavari,Sankhavaram,2,9.000,250.68
Andhra Pradesh,East Godavari,Seethanagaram, , , 
Andhra Pradesh,East Godavari,Tallarevu, , , 
Andhra Pradesh,East Godavari,Thondangi, , , 
Andhra Pradesh,East Godavari,Tuni,2,4.760,155.16
Andhra Pradesh,East Godavari,Uppalaguptam,1,1.000,37.95
Andhra Pradesh,East Godavari,Y Ramavaram,2,5.200,158.66
Andhra Pradesh,East Godavari,Yeleswaram,1,0.820,35.30
Andhra Pradesh,East Godavari,Chintur, , , 
Andhra Pradesh,East Godavari,Kunavaram, , , 
Andhra Pradesh,East Godavari,Vararamachandrapuram, , , 
Andhra Pradesh,East Godavari,Bhadrachalam, , , 
Andhra Pradesh,Eluru,All Blocks, , , 
Andhra Pradesh,Guntur,Achampeta, , , 
Andhra Pradesh,Guntur,Amaravathi,1,5.000,180.00
Andhra Pradesh,Guntur,Amruthalur, , , 
Andhra Pradesh,Guntur,Bapatla,4,3.450,113.94
Andhra Pradesh,Guntur,Bellamkonda,2,15.200,485.34
Andhra Pradesh,Guntur,Bhattiprolu,2,4.700,204.43
Andhra Pradesh,Guntur,Bollapalle,1,4.300,181.70
Andhra Pradesh,Guntur,Chebrole,1,2.200,78.00
Andhra Pradesh,Guntur,Cherukupalle,1,1.953,75.00
Andhra Pradesh,Guntur,Chilakaluripet,3,27.000,"1,006.00"
Andhra Pradesh,Guntur,Dachepalle, , , 
Andhra Pradesh,Guntur,Duggirala, , , 
Andhra Pradesh,Guntur,Durgi,2,21.900,756.00
Andhra Pradesh,Guntur,Edlapadu,1,10.000,365.50
Andhra Pradesh,Guntur,Guntur,2,3.000,83.07
Andhra Pradesh,Guntur,Gurazala,1,8.700,327.00
Andhra Pradesh,Guntur,Ipuru, , , 
Andhra Pradesh,Guntur,Kakumanu,1,2.000,67.64
Andhra Pradesh,Guntur,Karempudi,2,12.900,399.50
Andhra Pradesh,Guntur,Karlapalem,2,2.890,96.23
Andhra Pradesh,Guntur,Kollipara,3,8.230,394.45
Andhra Pradesh,Guntur,Kollur,2,4.340,152.00
Andhra Pradesh,Guntur,Krosuru,1,3.400,101.00
Andhra Pradesh,Guntur,Machavaram, , , 
Andhra Pradesh,Guntur,Macherla, , , 
Andhra Pradesh,Guntur,Mangalagiri, , , 
Andhra Pradesh,Guntur,Medikonduru,1,3.300,108.50
Andhra Pradesh,Guntur,Muppalla,1,1.700,42.50
Andhra Pradesh,Guntur,Nadendla,1,6.800,234.20
Andhra Pradesh,Guntur,Nagaram,1,1.000,37.69
Andhra Pradesh,Guntur,Nakarikallu,5,21.650,772.81
Andhra Pradesh,Guntur,Narasaraopeta,3,15.760,572.00
Andhra Pradesh,Guntur,Nizampatnam,1,1.350,63.00
Andhra Pradesh,Guntur,Nuzendla,3,7.300,272.57
Andhra Pradesh,Guntur,Pedakakani, , , 
Andhra Pradesh,Guntur,Pedakurapadu, , , 
Andhra Pradesh,Guntur,Pedanandipadu,2,7.600,282.91
Andhra Pradesh,Guntur,Phirangipuram,1,3.450,156.00
Andhra Pradesh,Guntur,Piduguralla,1,8.700,301.00
Andhra Pradesh,Guntur,Pittalavanipalem,2,5.900,198.34
Andhra Pradesh,Guntur,Ponnur,1,3.810,105.00
Andhra Pradesh,Guntur,Prathipadu,1,0.610,52.80
Andhra Pradesh,Guntur,Rajupalem, , , 
Andhra Pradesh,Guntur,Rentachintala, , , 
Andhra Pradesh,Guntur,Repalle,1,0.830,41.48
Andhra Pradesh,Guntur,Rompicherla,1,3.200,115.00
Andhra Pradesh,Guntur,Sattenapalle,1,8.400,254.00
Andhra Pradesh,Guntur,Savalyapuram, , , 
Andhra Pradesh,Guntur,Tadikonda,1,8.300,219.70
Andhra Pradesh,Guntur,Tenali,1,0.750,32.30
Andhra Pradesh,Guntur,Thadepalle, , , 
Andhra Pradesh,Guntur,Thullur, , , 
Andhra Pradesh,Guntur,Tsundur,3,8.500,339.63
Andhra Pradesh,Guntur,Vatticherukuru, , , 
Andhra Pradesh,Guntur,Veldurthi, , , 
Andhra Pradesh,Guntur,Vemuru,1,4.200,114.77
Andhra Pradesh,Guntur,Vinukonda,1,3.250,129.20
Andhra Pradesh,Kakinada,All Blocks, , , 
Andhra Pradesh,Krishna,A Konduru,1,6.200,197.28
Andhra Pradesh,Krishna,Agiripalle,3,8.500,278.39
Andhra Pradesh,Krishna,Avanigadda,1,3.800,223.75
Andhra Pradesh,Krishna,Bantumilli, , , 
Andhra Pradesh,Krishna,Bapulapadu, , , 
Andhra Pradesh,Krishna,Challapalli,2,5.600,307.53
Andhra Pradesh,Krishna,Chandarlapadu, , , 
Andhra Pradesh,Krishna,Chatrai,3,10.420,406.60
Andhra Pradesh,Krishna,G Konduru, , , 
Andhra Pradesh,Krishna,Gampalagudem, , , 
Andhra Pradesh,Krishna,Gannavaram,2,5.000,170.85
Andhra Pradesh,Krishna,Ghantasala,3,12.500,614.93
Andhra Pradesh,Krishna,Gudivada,2,5.100,140.50
Andhra Pradesh,Krishna,Gudlavalleru, , , 
Andhra Pradesh,Krishna,Gudur,3,7.400,212.43
Andhra Pradesh,Krishna,Ibrahimpatnam, , , 
Andhra Pradesh,Krishna,Jaggayyapeta,1,4.900,287.61
Andhra Pradesh,Krishna,Kaikalur,4,7.000,295.60
Andhra Pradesh,Krishna,Kalidindi,1,1.200,60.85
Andhra Pradesh,Krishna,Kanchika Cherla, , , 
Andhra Pradesh,Krishna,Kankipadu,2,4.320,156.73
Andhra Pradesh,Krishna,Koduru,2,6.100,228.50
Andhra Pradesh,Krishna,Kruthivennu,3,21.500,852.95
Andhra Pradesh,Krishna,Machilipatnam, , , 
Andhra Pradesh,Krishna,Mandavalli,,,
Andhra Pradesh,Krishna,Mopidevi,,,
Andhra Pradesh,Krishna,Movva,,,
Andhra Pradesh,Krishna,Mudinepalli,,,
Andhra Pradesh,Krishna,Musunuru,,,
Andhra Pradesh,Krishna,Mylavaram,,,
Andhra Pradesh,Krishna,Nagayalanka,,,
Andhra Pradesh,Krishna,Nandigama,,,
Andhra Pradesh,Krishna,Nandivada,,,
Andhra Pradesh,Krishna,Nuzvid,,,
Andhra Pradesh,Krishna,Pamarru,,,
Andhra Pradesh,Krishna,Pamidimukkala,,,
Andhra Pradesh,Krishna,Pedana,,,
Andhra Pradesh,Krishna,Pedaparupudi,,,
Andhra Pradesh,Krishna,Penamaluru,,,
Andhra Pradesh,Krishna,Penuganchiprolu,,,
Andhra Pradesh,Krishna,Reddigudem,,,
Andhra Pradesh,Krishna,Thotlavalluru,,,
Andhra Pradesh,Krishna,Tiruvuru,,,
Andhra Pradesh,Krishna,Unguturu,,,
Andhra Pradesh,Krishna,Vatsavai,,,
Andhra Pradesh,Krishna,Veerullapadu,,,
Andhra Pradesh,Krishna,Vijayawada Rural,,,
Andhra Pradesh,Krishna,Vijayawada Urban,,,
Andhra Pradesh,Krishna,Vissannapet,,,
Andhra Pradesh,Krishna,Vuyyuru,,,
Andhra Pradesh,Kurnool,Adoni,,,
Andhra Pradesh,Kurnool,Allagadda,,,
Andhra Pradesh,Kurnool,Alur,,,
Andhra Pradesh,Kurnool,Aspari,,,
Andhra Pradesh,Kurnool,Atmakur,,,
Andhra Pradesh,Kurnool,Banaganapalle,,,
Andhra Pradesh,Kurnool,Bandi Atmakur,,,
Andhra Pradesh,Kurnool,Bethamcherla,,,
Andhra Pradesh,Kurnool,C.Belagal,,,
Andhra Pradesh,Kurnool,Chagalamarri,,,
Andhra Pradesh,Kurnool,Chippagiri,,,
Andhra Pradesh,Kurnool,Devanakonda,,,
Andhra Pradesh,Kurnool,Dhone,,,
Andhra Pradesh,Kurnool,Dornipadu,,,
Andhra Pradesh,Kurnool,Gadivemula,,,
Andhra Pradesh,Kurnool,Gonegandla,,,
Andhra Pradesh,Kurnool,Gospadu,,,
Andhra Pradesh,Kurnool,Gudur,,,
Andhra Pradesh,Kurnool,Halaharvi,,,
Andhra Pradesh,Kurnool,Holagunda,,,
Andhra Pradesh,Kurnool,Jupadu Bungalow,,,
Andhra Pradesh,Kurnool,Kallur,,,
Andhra Pradesh,Y S R Kadapa,Lingala, , , 
Andhra Pradesh,Y S R Kadapa,Muddanur,2,2.240,69.11
Andhra Pradesh,Y S R Kadapa,Mydukur,3,6.000,187.38
Andhra Pradesh,Y S R Kadapa,Mylavaram,1,10.000,190.53
Andhra Pradesh,Y S R Kadapa,Nandalur, , , 
Andhra Pradesh,Y S R Kadapa,Obulavaripalle, , , 
Andhra Pradesh,Y S R Kadapa,Peddamudium, , , 
Andhra Pradesh,Y S R Kadapa,Penagaluru,3,10.175,372.62
Andhra Pradesh,Y S R Kadapa,Pendlimarri,8,12.935,444.42
Andhra Pradesh,Y S R Kadapa,Porumamilla,7,10.400,372.90
Andhra Pradesh,Y S R Kadapa,Proddutur, , , 
Andhra Pradesh,Y S R Kadapa,Pulivendla, , , 
Andhra Pradesh,Y S R Kadapa,Pullampeta,1,1.500,41.50
Andhra Pradesh,Y S R Kadapa,Rajampet,1,2.700,116.73
Andhra Pradesh,Y S R Kadapa,Raju Palem, , , 
Andhra Pradesh,Y S R Kadapa,Ramapuram, , , 
Andhra Pradesh,Y S R Kadapa,Rayachoti,2,2.440,88.05
Andhra Pradesh,Y S R Kadapa,S A Kasinayana,2,5.450,181.10
Andhra Pradesh,Y S R Kadapa,Sambepalle, , , 
Andhra Pradesh,Y S R Kadapa,Sidhout, , , 
Andhra Pradesh,Y S R Kadapa,Simhadripuram, , , 
Andhra Pradesh,Y S R Kadapa,T Sundupalle,4,8.250,292.63
Andhra Pradesh,Y S R Kadapa,Thondur, , , 
Andhra Pradesh,Y S R Kadapa,V N Palli,2,10.080,385.73
Andhra Pradesh,Y S R Kadapa,Vallur,2,4.710,159.95
Andhra Pradesh,Y S R Kadapa,Veeraballe,1,1.820,57.82
Andhra Pradesh,Y S R Kadapa,Vempalle,1,2.800,55.70
Andhra Pradesh,Y S R Kadapa,Vemula, , , 
Andhra Pradesh,Y S R Kadapa,Vontimitta, , , 
Andhra Pradesh,Y S R Kadapa,Yerraguntla, , , 
Bihar,Araria,Araria,14,111.500,"6,712.24"
Bihar,Araria,Bhargama,9,39.878,"2,066.85"
Bihar,Araria,Forbisganj,20,75.167,"3,703.39"
Bihar,Araria,Joukihat,13,69.992,"3,979.12"
Bihar,Araria,Kursakanta,4,14.468,309.37
Bihar,Araria,Narpatganj,10,73.664,"3,621.68"
Bihar,Araria,Palasi,10,54.973,"2,692.07"
Bihar,Araria,Raniganj,8,41.266,"2,033.23"
Bihar,Araria,Sikti,9,33.376,"1,608.49"
Bihar,Arwal,Arwal,6,8.471,324.01
Bihar,Arwal,Banshi Surajpur,6,9.983,434.61
Bihar,Arwal,Kaler,2,3.068,109.48
Bihar,Arwal,Karpi,10,21.235,696.60
Bihar,Arwal,Kurtha,6,11.329,380.06
Bihar,Aurangabad,Aurangabad,5,15.780,532.06
Bihar,Aurangabad,Barun,15,57.915,"2,090.18"
Bihar,Aurangabad,Daudnagar,9,18.115,740.98
Bihar,Aurangabad,Deo,4,7.282,249.32
Bihar,Aurangabad,Goh,23,89.586,"3,487.87"
Bihar,Aurangabad,Haspura,2,10.545,379.82
Bihar,Aurangabad,Kutumba,10,35.159,"1,381.23"
Bihar,Aurangabad,Madanpur,7,23.290,807.79
Bihar,Aurangabad,Nabinagar,3,13.952,444.49
Bihar,Aurangabad,Obra,16,55.527,"2,122.80"
Bihar,Aurangabad,Rafiganj,7,45.480,"1,508.84"
Bihar,Banka,Amarpur,15,42.635,"1,707.43"
Bihar,Banka,Banka,15,83.255,"2,887.83"
Bihar,Banka,Barahat,4,8.437,316.56
Bihar,Banka,Baunsi,27,106.127,"3,946.84"
Bihar,Banka,Belhar,24,74.263,"2,643.93"
Bihar,Banka,Chanan,14,95.335,"3,194.20"
Bihar,Banka,Dhoraiya,19,45.932,"1,648.29"
Bihar,Banka,Fulli Dumar,8,23.426,857.42
Bihar,Banka,Katoria,12,78.827,"2,544.47"
Bihar,Banka,Rajaun,24,76.312,"2,821.29"
Bihar,Banka,Shambhuganj,18,49.256,"1,866.50"
Bihar,Begusarai,Bacchwara,16,40.988,"2,122.26"
Bihar,Begusarai,Bakhri,3,6.370,416.66
Bihar,Begusarai,Baliya,3,19.050,"1,153.92"
Bihar,Begusarai,Barauni,3,8.760,493.89
Bihar,Begusarai,Begusarai,5,18.248,905.64
Bihar,Begusarai,Bhagwanpur,9,36.160,"1,793.40"
Bihar,Begusarai,Birpur,2,5.760,277.27
Bihar,Begusarai,Cheriabariarpur,1,3.290,233.27
Bihar,Begusarai,Chorhani,2,3.960,259.63
Bihar,Begusarai,Dandari,4,12.980,898.44
Bihar,Begusarai,Garhpura, , , 
Bihar,Begusarai,Khodwantpur,1,2.550,123.81
Bihar,Begusarai,Mansurchak,8,24.180,"1,276.26"
Bihar,Begusarai,Matihani,2,7.450,435.64
Bihar,Begusarai,Nawkothi,3,7.350,429.68
Bihar,Begusarai,Sahebpur Kamal,2,4.150,219.90
Bihar,Begusarai,Shamho Akha Kurha, , , 
Bihar,Begusarai,Teghara,2,8.130,368.07
Bihar,Bhagalpur,Bihpur,8,20.314,"1,012.99"
Bihar,Bhagalpur,Gauradih,14,48.504,"2,365.02"
Bihar,Bhagalpur,Gopalpur,2,6.021,319.18
Bihar,Bhagalpur,Ismilepur,1,17.680,847.87
Bihar,Bhagalpur,Jagdishpur,6,21.744,"1,310.01"
Bihar,Bhagalpur,Kahalgaon,15,68.526,"3,112.18"
Bihar,Bhagalpur,Kharik,8,30.576,"1,472.70"
Bihar,Bhagalpur,Narayanpur,5,17.030,873.46
Bihar,Bhagalpur,Nathnagar,8,36.316,"1,765.06"
Bihar,Bhagalpur,Naugachhia,2,11.249,498.39
Bihar,Bhagalpur,Pirpaiti,22,129.157,"5,782.44"
Bihar,Bhagalpur,Rengra Chowk,1,11.124,662.50
Bihar,Bhagalpur,Sabaur,8,34.159,"1,840.22"
Bihar,Bhagalpur,Sanhaula,10,61.239,"2,978.41"
Bihar,Bhagalpur,Shahkund,2,8.181,420.81
Bihar,Bhagalpur,Sultanganj,12,61.046,"3,142.85"
Bihar,Bhojpur,Agion,4,8.962,296.60
Bihar,Bhojpur,Arah,9,16.773,717.67
Bihar,Bhojpur,Barhara,3,6.517,250.68
Bihar,Bhojpur,Bihia, , , 
Bihar,Bhojpur,Charpokhari,7,33.965,"1,287.28"
Bihar,Bhojpur,Garhani,3,4.068,142.09
Bihar,Bhojpur,Jagdishpur,4,11.044,426.04
Bihar,Bhojpur,Koilwar,6,14.083,521.60
Bihar,Bhojpur,Piro,18,62.856,"2,386.60"
Bihar,Bhojpur,Sahar,2,13.452,428.32
Bihar,Bhojpur,Sandesh,3,8.900,375.58
Bihar,Bhojpur,Shahpur,8,23.018,760.11
Bihar,Bhojpur,Tarari,9,24.845,"1,006.51"
Bihar,Bhojpur,Udwantnagar,2,3.359,121.82
Bihar,Buxar,Brahmpur,,,
Bihar,Buxar,Buxar,,,
Bihar,Buxar,Chakki,,,
Bihar,Buxar,Chaugai,,,
Bihar,Buxar,Chausa,,,
Bihar,Buxar,Dumraon,,,
Bihar,Buxar,Itarhi,,,
Bihar,Buxar,Kesath,,,
Bihar,Buxar,Nawanagar,,,
Bihar,Buxar,Rajpur,,,
Bihar,Buxar,Simri,,,
Bihar,Chapra(Saran),Amnaur,,,
Bihar,Chapra(Saran),Baniapur,,,
Bihar,Chapra(Saran),Dariyapur,,,
Bihar,Chapra(Saran),Dighwara,,,
Bihar,Chapra(Saran),Ekma,,,
Bihar,Chapra(Saran),Garkha,,,
Bihar,Chapra(Saran),Isuapur,,,
Bihar,Chapra(Saran),Jalalpur,,,
Bihar,Chapra(Saran),Lahiadpur,,,
Bihar,Chapra(Saran),Maker,,,
Bihar,Chapra(Saran),Manjhi,,,
Bihar,Chapra(Saran),Marhaura,,,
Bihar,Chapra(Saran),Mashrakh,,,
Bihar,Chapra(Saran),Nagra,,,
Bihar,Chapra(Saran),Panapur,,,
Bihar,Chapra(Saran),Parsa,,,
Bihar,Chapra(Saran),Rivilganj,,,
Bihar,Chapra(Saran),Sadar Chapra,,,
Bihar,Chapra(Saran),Sonpur,,,
Bihar,Chapra(Saran),Taraiya,,,
Bihar,Darbhanga,Alinagar,,,
Bihar,Darbhanga,Bahadurpur,,,
Bihar,Darbhanga,Baheri,,,
Bihar,Darbhanga,Benipur,,,
Bihar,Darbhanga,Biraul,,,
Bihar,Darbhanga,Darbhanga,,,
Bihar,Darbhanga,Gaura Bauram,,,
Bihar,Darbhanga,Ghanshyampur,,,
Bihar,Darbhanga,Hanuman Nagar,,,
Bihar,Darbhanga,Hayaghat,,,
Bihar,Darbhanga,Jale,,,
Bihar,Darbhanga,Keoti,,,
Bihar,Darbhanga,Kiratpur,,,
Bihar,Darbhanga,Ksheshwar Sthan,,,
Bihar,Darbhanga,Kusheshwar Sthan East,,,
Bihar,Darbhanga,Manigachhi,,,
Bihar,Darbhanga,Singwara,,,
Bihar,Darbhanga,Tard Dih,,,
Bihar,East Champaran,Adapur,15,59.978,"3,963.18"
Bihar,East Champaran,Areraj,11,33.960,"1,851.42"
Bihar,East Champaran,Banjaria,5,33.342,"1,793.18"
Bihar,East Champaran,Bankatwa,11,36.597,"2,127.04"
Bihar,East Champaran,Chakia or Pipra,18,60.463,"3,428.22"
Bihar,East Champaran,Chiraiya,13,48.207,"3,051.35"
Bihar,East Champaran,Dhaka,12,38.994,"2,518.85"
Bihar,East Champaran,Ghorasahan,21,79.046,"5,114.21"
Bihar,East Champaran,Harsidhhi,23,89.713,"4,970.42"
Bihar,East Champaran,Kalyanpur,17,78.426,"4,139.60"
Bihar,East Champaran,Kesaria,15,54.686,"2,894.40"
Bihar,East Champaran,Kotwa,7,38.724,"2,039.42"
Bihar,East Champaran,Madhuban,10,37.490,"2,139.76"
Bihar,East Champaran,Mehsi,11,33.549,"1,779.17"
Bihar,East Champaran,Motihari,15,84.343,"4,779.56"
Bihar,East Champaran,Narkatia or Chhauradano,9,35.712,"2,242.27"
Bihar,East Champaran,Paharpur,18,86.221,"4,694.82"
Bihar,East Champaran,Pakri Dayal,2,7.203,402.52
Bihar,East Champaran,Patahi,8,29.031,"1,980.68"
Bihar,East Champaran,Phenhara,1,4.784,284.72
Bihar,East Champaran,Pipra Kothi,4,16.123,919.83
Bihar,East Champaran,Ramgarhwa,10,45.985,"2,919.91"
Bihar,East Champaran,Raxaul,11,43.190,"3,146.85"
Bihar,East Champaran,Sangrampur,9,40.953,"1,952.74"
Bihar,East Champaran,Sugauli,9,26.987,"1,653.93"
Bihar,East Champaran,Tetaria,3,14.054,802.35
Bihar,East Champaran,Turkaulia,6,31.887,"1,790.95"
Bihar,Gaya,Amas,1,0.936,31.11
Bihar,Gaya,Atri,4,36.124,"1,181.53"
Bihar,Gaya,Banke Bazar,2,4.670,148.79
Bihar,Gaya,Barachatti, , , 
Bihar,Gaya,Bathani,7,23.384,759.22
Bihar,Gaya,Belaganj,9,21.894,676.98
Bihar,Gaya,Bodh Gaya,16,55.135,"1,737.70"
Bihar,Gaya,Dobhi,3,10.400,317.08
Bihar,Gaya,Dumaria,1,0.982,35.42
Bihar,Gaya,Fatehpur,13,34.356,"1,006.69"
Bihar,Gaya,Guraru,7,15.706,486.74
Bihar,Gaya,Gurua, , , 
Bihar,Gaya,Imamganj,2,4.127,150.87
Bihar,Gaya,Khijasarai,3,8.953,294.24
Bihar,Gaya,Konch,15,62.051,"1,955.29"
Bihar,Gaya,Manpur, , , 
Bihar,Gaya,Mohanpur,2,13.384,402.10
Bihar,Gaya,Mohra,5,15.403,500.60
Bihar,Gaya,Gaya sadar,3,9.401,295.78
Bihar,Gaya,Paraiya,12,34.485,"1,097.97"
Bihar,Gaya,Sherghati,5,12.908,390.44
Bihar,Gaya,Tankuppa,10,34.086,"1,024.48"
Bihar,Gaya,Tekari,13,35.210,"1,139.60"
Bihar,Gaya,Wazirganj,17,43.038,"1,385.05"
Bihar,Gopalganj,Baikunthpur,9,29.074,"1,726.25"
Bihar,Gopalganj,Barauli,16,77.354,"4,901.98"
Bihar,Gopalganj,Bhore,6,22.430,"1,305.74"
Bihar,Gopalganj,Gopalganj,3,11.407,770.22
Bihar,Gopalganj,Hathwa,3,8.913,568.55
Bihar,Gopalganj,Kataiya,7,31.861,"1,969.20"
Bihar,Gopalganj,Kuchaikot,32,156.592,"10,302.71"
Bihar,Gopalganj,Manjha,8,31.586,"1,914.78"
Bihar,Gopalganj,Panchdewari, , , 
Bihar,Gopalganj,Phulwaria,1,3.300,165.67
Bihar,Gopalganj,Sidhwalia,1,7.033,404.60
Bihar,Gopalganj,Thawe,3,14.121,741.19
Bihar,Gopalganj,Uchkagaon,4,21.802,"1,410.66"
Bihar,Gopalganj,Vijaypur,5,18.336,"1,081.27"
Bihar,Jahanabad,Ghosi,3,6.361,192.25
Bihar,Jahanabad,Hulashganj,2,4.212,187.63
Bihar,Jahanabad,Jahanabad,7,12.746,470.13
Bihar,Jahanabad,Kako,4,5.415,192.23
Bihar,Jahanabad,Makhdumpur,15,46.225,"1,455.73"
Bihar,Jahanabad,Modanganj,2,4.554,155.98
Bihar,Jahanabad,Ratni Faridpur,9,26.673,889.96
Bihar,Jamui,Aliganj,3,6.198,168.97
Bihar,Jamui,Barhat,3,16.552,658.07
Bihar,Jamui,Chakai,17,87.181,"3,439.20"
Bihar,Jamui,Gidhaur, , , 
Bihar,Jamui,Jamui,10,35.753,"1,327.14"
Bihar,Jamui,Jhajha,17,56.826,"2,186.86"
Bihar,Jamui,Khaira,9,31.383,"1,298.73"
Bihar,Jamui,Laxmipur,5,17.629,685.30
Bihar,Jamui,Sikandra,1,2.178,61.38
Bihar,Jamui,Sono,14,62.065,"2,659.36"
Bihar,Kaimur (Bhabhua),Adhaura, , , 
Bihar,Kaimur (Bhabhua),Bhabhua,22,119.342,"4,272.98"
Bihar,Kaimur (Bhabhua),Bhagwanpur, , , 
Bihar,Kaimur (Bhabhua),Chainpur,9,44.848,"1,803.28"
Bihar,Kaimur (Bhabhua),Chand,9,32.830,"1,331.48"
Bihar,Kaimur (Bhabhua),Durgawati,17,94.175,"3,438.82"
Bihar,Kaimur (Bhabhua),Kudra,12,62.232,"2,347.68"
Bihar,Kaimur (Bhabhua),Mohania,27,150.610,"6,061.45"
Bihar,Kaimur (Bhabhua),Nuawan,8,62.425,"2,473.21"
Bihar,Kaimur (Bhabhua),Ramgarh,25,137.582,"5,663.33"
Bihar,Kaimur (Bhabhua),Rampur,5,34.650,"1,409.24"
Bihar,Katihar,Ajamnagar,8,43.017,"1,830.90"
Bihar,Katihar,Amdabad,1,3.878,143.25
Bihar,Katihar,Balrampur,11,67.738,"2,859.92"
Bihar,Katihar,Barari,12,50.737,"1,995.78"
Bihar,Katihar,Barsoi,14,58.392,"2,628.89"
Bihar,Katihar,Dandkhora,2,11.038,448.92
Bihar,Katihar,Falka,11,63.425,"2,476.36"
Bihar,Katihar,Hasanganj,2,6.960,245.34
Bihar,Katihar,Kadwa,8,56.427,"2,657.34"
Bihar,Katihar,Katihar,3,12.642,476.55
Bihar,Katihar,Korha,16,55.543,"1,959.33"
Bihar,Katihar,Kursela,1,3.949,171.43
Bihar,Katihar,Manihari,3,35.392,"1,505.81"
Bihar,Katihar,Mansahi,2,10.057,386.75
Bihar,Katihar,Pranpur,11,35.518,"1,483.68"
Bihar,Katihar,Sameli, , , 
Bihar,Khagaria,Alauli,13,50.540,"2,751.27"
Bihar,Khagaria,Beldaur,7,43.248,"2,789.95"
Bihar,Khagaria,Chautham,8,11.894,665.33
Bihar,Khagaria,Gogari,5,30.771,"1,678.45"
Bihar,Khagaria,Khagaria,17,48.022,"2,571.32"
Bihar,Khagaria,Mansi,,,
Bihar,Khagaria,Parbatta,,,
Bihar,Kishanganj,Bahadurganj,,,
Bihar,Kishanganj,Dighalbank,,,
Bihar,Kishanganj,Kishanganj,,,
Bihar,Kishanganj,Koch Dhaman,,,
Bihar,Kishanganj,Pothia,,,
Bihar,Kishanganj,Terhagachhi,,,
Bihar,Kishanganj,Thakurganj,,,
Bihar,Lakhisarai,Barahiya,,,
Bihar,Lakhisarai,Halsi,,,
Bihar,Lakhisarai,Lakhisarai,,,
Bihar,Lakhisarai,Piparia,,,
Bihar,Lakhisarai,Ramgarh Chowk,,,
Bihar,Lakhisarai,Suryagarha,,,
Bihar,Madhepura,Alamnagar,,,
Bihar,Madhepura,Bihari Ganj,,,
Bihar,Madhepura,Chausa,,,
Bihar,Madhepura,Gamharia,,,
Bihar,Madhepura,Ghailar,,,
Bihar,Madhepura,Gwalpara,,,
Bihar,Madhepura,Kumarkhand,,,
Bihar,Madhepura,Madhepura,,,
Bihar,Madhepura,Murliganj,,,
Bihar,Madhepura,Puraini,,,
Bihar,Madhepura,Shankarpur,,,
Bihar,Madhepura,Singheshwar,,,
Bihar,Madhepura,Udakishanganj,,,
Bihar,Madhubani,Andhrartharhi,,,
Bihar,Madhubani,Babu Barhi,,,
Bihar,Madhubani,Basopatti,,,
Bihar,Madhubani,Benipatti,,,
Bihar,Madhubani,Bisfi,,,
Bihar,Madhubani,Ghoghardiha,,,
Bihar,Madhubani,Harlakhi,,,
Bihar,Madhubani,Jainagar,,,
Bihar,Madhubani,Jhanjharpur,,,
Bihar,Madhubani,Kaluahi,,,
Bihar,Madhubani,Khajauli,,,
Bihar,Madhubani,Khutauna,,,
Bihar,Madhubani,Ladania,,,
Bihar,Madhubani,Lakhnaur,,,
Bihar,Madhubani,Laukahi,,,
Bihar,Madhubani,Madhepur,,,
Bihar,Madhubani,Madhwapur,,,
Bihar,Madhubani,Pandaul,,,
Bihar,Madhubani,Phulparas,,,
Bihar,Madhubani,Rahika,,,
Bihar,Madhubani,Rajnagar,,,
Andhra Pradesh,Alluri Sitharama Raju,All Blocks, , , 
Andhra Pradesh,Anakapalli,All Blocks, , , 
Andhra Pradesh,Anantapur,Agali,5,19.025,580.26
Andhra Pradesh,Anantapur,Amadagur, , , 
Andhra Pradesh,Anantapur,Amarapuram,4,9.980,333.50
Andhra Pradesh,Anantapur,Anantapur,1,3.050,92.23
Andhra Pradesh,Anantapur,Atmakur, , , 
Andhra Pradesh,Anantapur,Bathalapalle,2,8.300,231.12
Andhra Pradesh,Anantapur,Beluguppa,1,7.400,246.94
Andhra Pradesh,Anantapur,Bommanahal,1,6.000,186.76
Andhra Pradesh,Anantapur,Brahmasamudram,2,20.500,674.04
Andhra Pradesh,Anantapur,Bukkapatnam,2,1.700,63.80
Andhra Pradesh,Anantapur,Bukkarayasamudram,1,5.200,166.00
Andhra Pradesh,Anantapur,Chenne Kothapalle,5,18.535,552.15
Andhra Pradesh,Anantapur,Chilamathur, , , 
Andhra Pradesh,Anantapur,D Hirehal, , , 
Andhra Pradesh,Anantapur,Dharmavaram,2,15.200,485.48
Andhra Pradesh,Anantapur,Gandlapenta,3,17.900,539.06
Andhra Pradesh,Anantapur,Garladinne, , , 
Andhra Pradesh,Anantapur,Gooty,1,3.800,114.66
Andhra Pradesh,Anantapur,Gorantla,1,11.000,257.60
Andhra Pradesh,Anantapur,Gudibanda,7,15.850,489.68
Andhra Pradesh,Anantapur,Gummagatta, , , 
Andhra Pradesh,Anantapur,Guntakal,2,6.600,225.98
Andhra Pradesh,Anantapur,Hindupur,1,6.200,180.09
Andhra Pradesh,Anantapur,Kadiri,6,5.310,168.01
Andhra Pradesh,Anantapur,Kalyandurg,2,16.000,484.31
Andhra Pradesh,Anantapur,Kambadur,3,38.330,"1,121.30"
Andhra Pradesh,Anantapur,Kanaganapalle,3,8.000,247.35
Andhra Pradesh,Anantapur,Kanekal,1,11.500,272.84
Andhra Pradesh,Anantapur,Kothacheruvu,2,6.600,186.71
Andhra Pradesh,Anantapur,Kudair, , , 
Andhra Pradesh,Anantapur,Kundurpi,2,7.000,221.00
Andhra Pradesh,Anantapur,Lepakshi, , , 
Andhra Pradesh,Anantapur,Madakasira,9,19.180,614.74
Andhra Pradesh,Anantapur,Mudigubba,10,33.180,"1,100.41"
Andhra Pradesh,Anantapur,Nallacheruvu, , , 
Andhra Pradesh,Anantapur,Nallamada, , , 
Andhra Pradesh,Anantapur,Nambulipulikunta, , , 
Andhra Pradesh,Anantapur,Narpala,1,9.700,264.56
Andhra Pradesh,Anantapur,Obuladevaracheruvu,4,16.350,493.65
Andhra Pradesh,Anantapur,Pamidi,3,15.150,479.72
Andhra Pradesh,Anantapur,Parigi, , , 
Andhra Pradesh,Anantapur,Peddapappur,2,6.400,179.83
Andhra Pradesh,Anantapur,Peddavadugur,4,8.150,252.54
Andhra Pradesh,Anantapur,Penu Konda,2,3.800,121.13
Andhra Pradesh,Anantapur,Putlur,7,26.700,886.10
Andhra Pradesh,Anantapur,Puttaparthi,5,18.880,587.74
Andhra Pradesh,Anantapur,Ramagiri,4,8.050,271.71
Andhra Pradesh,Anantapur,Raptadu, , , 
Andhra Pradesh,Anantapur,Rayadurg, , , 
Andhra Pradesh,Anantapur,Roddam,2,24.675,824.07
Andhra Pradesh,Anantapur,Rolla,9,18.250,600.97
Andhra Pradesh,Anantapur,Settur, , , 
Andhra Pradesh,Anantapur,Singanamala,1,11.400,364.55
Andhra Pradesh,Anantapur,Somandepalle, , , 
Andhra Pradesh,Anantapur,Tadimarri,1,8.500,313.49
Andhra Pradesh,Anantapur,Tadpatri,2,3.500,104.16
Andhra Pradesh,Anantapur,Talupula,2,13.800,462.08
Andhra Pradesh,Anantapur,Tanakal,4,12.100,407.60
Andhra Pradesh,Anantapur,Uravakonda, , , 
Andhra Pradesh,Anantapur,Vajrakarur, , , 
Andhra Pradesh,Anantapur,Vidapanakal, , , 
Andhra Pradesh,Anantapur,Yadiki,3,10.100,302.60
Andhra Pradesh,Anantapur,Yellanur,7,25.900,799.72
Andhra Pradesh,Annamayya,All Blocks, , , 
Andhra Pradesh,Bapatla,All Blocks, , , 
Andhra Pradesh,Chittoor,B Kothakota,1,5.750,179.40
Andhra Pradesh,Chittoor,Baireddi Palle,2,8.950,268.96
Andhra Pradesh,Chittoor,Bangarupalem, , , 
Andhra Pradesh,Chittoor,Buchinaidu Khandriga,1,5.685,148.60
Andhra Pradesh,Chittoor,Chandragiri, , , 
Andhra Pradesh,Chittoor,Chinnagottigallu, , , 
Andhra Pradesh,Chittoor,Chittoor, , , 
Andhra Pradesh,Chittoor,Chowdepalle,3,14.711,509.50
Andhra Pradesh,Chittoor,Gangadhara Nellore,3,11.980,382.33
Andhra Pradesh,Chittoor,Gangavaram, , , 
Andhra Pradesh,Chittoor,Gudipala, , , 
Andhra Pradesh,Chittoor,Gudupalle, , , 
Andhra Pradesh,Chittoor,Gurramkonda, , , 
Andhra Pradesh,Chittoor,Irala,2,5.700,171.87
Andhra Pradesh,Chittoor,K V P Puram,1,2.950,140.00
Andhra Pradesh,Chittoor,Kalakada,1,5.600,168.69
Andhra Pradesh,Chittoor,Kalikiri,1,6.400,243.60
Andhra Pradesh,Chittoor,Kambhamvaripalle,1,13.130,441.00
Andhra Pradesh,Chittoor,Karvetinagar,2,13.660,395.82
Andhra Pradesh,Chittoor,Kuppam, , , 
Andhra Pradesh,Chittoor,Kurabalakota,1,6.600,202.86
Andhra Pradesh,Chittoor,Mandanpalle, , , 
Andhra Pradesh,Chittoor,Mulakalacheruvu, , , 
Andhra Pradesh,Chittoor,Nagalapuram, , , 
Andhra Pradesh,Chittoor,Nagari,2,10.750,326.00
Andhra Pradesh,Chittoor,Narayanavanam,2,5.650,215.80
Andhra Pradesh,Chittoor,Nimmanapalle, , , 
Andhra Pradesh,Chittoor,Nindra, , , 
Andhra Pradesh,Chittoor,Pakala,4,12.900,442.90
Andhra Pradesh,Chittoor,Palamaner, , , 
Andhra Pradesh,Chittoor,Palasamudram, , , 
Andhra Pradesh,Chittoor,Pedda Panjani, , , 
Andhra Pradesh,Chittoor,Peddamandyam,1,9.400,290.10
Andhra Pradesh,Chittoor,Peddathippasamudram,1,8.750,288.00
Andhra Pradesh,Chittoor,Penumuru,2,7.750,234.25
Andhra Pradesh,Chittoor,Pichatur, , , 
Andhra Pradesh,Chittoor,Pileru, , , 
Andhra Pradesh,Chittoor,Pulicherla,2,7.920,266.50
Andhra Pradesh,Chittoor,Punganur,1,7.715,248.00
Andhra Pradesh,Chittoor,Puthalapattu,1,2.100,58.00
Andhra Pradesh,Chittoor,Puttur,1,3.150,111.80
Andhra Pradesh,Chittoor,Rama Kuppam, , , 
Andhra Pradesh,Chittoor,Ramachandrapuram,1,3.500,119.40
Andhra Pradesh,Chittoor,Ramasamudram, , , 
Andhra Pradesh,Chittoor,Renigunta, , , 
Andhra Pradesh,Chittoor,Rompicherla,2,6.660,208.30
Andhra Pradesh,Chittoor,Santhi Puram,2,8.700,286.20
Andhra Pradesh,Chittoor,Satyavedu, , , 
Andhra Pradesh,Chittoor,Sodam,1,3.700,144.00
Andhra Pradesh,Chittoor,Somala,,,
Andhra Pradesh,Chittoor,Srikalahasti,,,
Andhra Pradesh,Chittoor,Srirangarajapuram,,,
Andhra Pradesh,Chittoor,Thamballapalle,,,
Andhra Pradesh,Chittoor,Thavanampalle,,,
Andhra Pradesh,Chittoor,Thottambedu,,,
Andhra Pradesh,Chittoor,Tirupati Rural,,,
Andhra Pradesh,Chittoor,Tirupati Urban,,,
Andhra Pradesh,Chittoor,Vadamalapeta,,,
Andhra Pradesh,Chittoor,Varadaiahpalem,,,
Andhra Pradesh,Chittoor,Vayalpad,,,
Andhra Pradesh,Chittoor,Veduru Kuppam,,,
Andhra Pradesh,Chittoor,Venkatagiri Kota,,,
Andhra Pradesh,Chittoor,Vijaya Puram,,,
Andhra Pradesh,Chittoor,Yadamari,,,
Andhra Pradesh,Chittoor,Yerpedu,,,
Andhra Pradesh,Chittoor,Yerravaripalem,,,
Andhra Pradesh,Dr BR Ambedkar Konaseema,All Blocks,,,
Andhra Pradesh,East Godavari,Addateegala,,,
Andhra Pradesh,East Godavari,Ainavilli,,,
Andhra Pradesh,East Godavari,Alamuru,,,
Andhra Pradesh,East Godavari,Allavaram,,,
Andhra Pradesh,East Godavari,Amalapuram,,,
Andhra Pradesh,East Godavari,Ambajipeta,,,
Andhra Pradesh,East Godavari,Anaparthi,,,
Andhra Pradesh,East Godavari,Atreyapuram,,,
Andhra Pradesh,East Godavari,Biccavolu,,,
Andhra Pradesh,East Godavari,Devipatnam,,,
Andhra Pradesh,East Godavari,Gandepalle,,,
Andhra Pradesh,East Godavari,Gangavaram,,,
Andhra Pradesh,East Godavari,Gokavaram,,,
Andhra Pradesh,East Godavari,Gollaprolu,,,
Andhra Pradesh,East Godavari,I Polavaram,,,
Andhra Pradesh,East Godavari,Jaggampeta,,,
Andhra Pradesh,East Godavari,Kadiam,,,
Andhra Pradesh,East Godavari,Kajuluru,,,
Andhra Pradesh,East Godavari,Kakinada (Rural),,,
Andhra Pradesh,East Godavari,Kapileswarapuram,,,
Andhra Pradesh,East Godavari,Karapa,,,
Andhra Pradesh,East Godavari,Katrenikona,,,
Andhra Pradesh,East Godavari,Kirlampudi,,,
Andhra Pradesh,East Godavari,Korukonda,,,
Andhra Pradesh,East Godavari,Kotananduru,,,
Andhra Pradesh,East Godavari,Kothapalli,,,
Andhra Pradesh,East Godavari,Kothapeta,,,
Andhra Pradesh,East Godavari,Malikipuram,,,
Andhra Pradesh,East Godavari,Mamidikuduru,,,
Haryana,Panchkula,Morni, , , 
Haryana,Panchkula,Pinjore, , , 
Haryana,Panchkula,Raipur Rani, , , 
Haryana,Panipat,Bapauli, , , 
Haryana,Panipat,Israna, , , 
Haryana,Panipat,Madlauda,2,22.230,"1,120.36"
Haryana,Panipat,Panipat,3,27.405,"1,156.60"
Haryana,Panipat,Samalkha, , , 
Haryana,Panipat,Sanoli Khurd,1,9.500,341.23
Haryana,Rewari,Bawal, , , 
Haryana,Rewari,Jatusana,1,7.710,418.19
Haryana,Rewari,Khol At Rewari,1,11.600,604.89
Haryana,Rewari,Nahar, , , 
Haryana,Rewari,Rewari,2,23.960,"1,119.74"
Haryana,Rohtak,Kalanaur, , , 
Haryana,Rohtak,Lakhan Majra, , , 
Haryana,Rohtak,Meham,1,4.300,148.17
Haryana,Rohtak,Rohtak, , , 
Haryana,Rohtak,Sampla, , , 
Haryana,Sirsa,Baragudha,1,5.650,258.60
Haryana,Sirsa,Dabwali, , , 
Haryana,Sirsa,Ellenabad,1,15.080,888.66
Haryana,Sirsa,Nathusari Chopta, , , 
Haryana,Sirsa,Odhan, , , 
Haryana,Sirsa,Rania, , , 
Haryana,Sirsa,Sirsa,1,16.000,976.36
Haryana,Sonepat,Ganaur, , , 
Haryana,Sonepat,Gohana, , , 
Haryana,Sonepat,Kathura, , , 
Haryana,Sonepat,Kharkhauda, , , 
Haryana,Sonepat,Mudlana,1,3.355,129.97
Haryana,Sonepat,Rai,1,7.800,459.77
Haryana,Sonepat,Sonepat, , , 
Haryana,Sonepat,Murthal,1,7.000,348.44
Haryana,Yamuna Nagar,Bilaspur,1,15.870,843.38
Haryana,Yamuna Nagar,Chhachhrauli,1,4.500,207.72
Haryana,Yamuna Nagar,Jagadhri, , , 
Haryana,Yamuna Nagar,Mustafabad, , , 
Haryana,Yamuna Nagar,Radaur, , , 
Haryana,Yamuna Nagar,Sadhaura, , , 
Maharashtra,Ahmednagar,Akole, , , 
Maharashtra,Ahmednagar,Jamkhed, , , 
Maharashtra,Ahmednagar,Karjat, , , 
Maharashtra,Ahmednagar,Kopargaon, , , 
Maharashtra,Ahmednagar,Nagar, , , 
Maharashtra,Ahmednagar,Newasa, , , 
Maharashtra,Ahmednagar,Parner, , , 
Maharashtra,Ahmednagar,Pathardi, , , 
Maharashtra,Ahmednagar,Rahata, , , 
Maharashtra,Ahmednagar,Rahuri, , , 
Maharashtra,Ahmednagar,Sangamner, , , 
Maharashtra,Ahmednagar,Shevgaon, , , 
Maharashtra,Ahmednagar,Shrigonda, , , 
Maharashtra,Ahmednagar,Shrirampur, , , 
Maharashtra,Akola,Akola, , , 
Maharashtra,Akola,Akot, , , 
Maharashtra,Akola,Balapur, , , 
Maharashtra,Akola,Barshitakli, , , 
Maharashtra,Akola,Murtizapur, , , 
Maharashtra,Akola,Patur, , , 
Maharashtra,Akola,Telhara, , , 
Maharashtra,Amrawati,Achalpur, , , 
Maharashtra,Amrawati,Amrawati, , , 
Maharashtra,Amrawati,Anjangaon, , , 
Maharashtra,Amrawati,Bhatkuli, , , 
Maharashtra,Amrawati,Chandur Bazar, , , 
Maharashtra,Amrawati,Chandur Railway, , , 
Maharashtra,Amrawati,Chikhaldara, , , 
Maharashtra,Amrawati,Daryapur, , , 
Maharashtra,Amrawati,Dhamangaon Railway, , , 
Maharashtra,Amrawati,Dharni, , , 
Maharashtra,Amrawati,Morshi, , , 
Maharashtra,Amrawati,Nandgaon Khandeshwar, , , 
Maharashtra,Amrawati,Teosa, , , 
Maharashtra,Amrawati,Warud, , , 
Maharashtra,Aurangabad,Aurangabad, , , 
Maharashtra,Aurangabad,Gangapur, , , 
Maharashtra,Aurangabad,Kannad, , , 
Maharashtra,Aurangabad,Khuldabad, , , 
Maharashtra,Aurangabad,Paithan, , , 
Maharashtra,Aurangabad,Sillod, , , 
Maharashtra,Aurangabad,Soyagaon, , , 
Maharashtra,Aurangabad,Vaijapur, , , 
Maharashtra,Aurangabad,Phulambri, , , 
Maharashtra,Beed,Ambejogai, , , 
Maharashtra,Beed,Ashti, , , 
Maharashtra,Beed,Beed, , , 
Maharashtra,Beed,Dharur, , , 
Maharashtra,Beed,Georai, , , 
Maharashtra,Beed,Kaij, , , 
Maharashtra,Beed,Majalgaon, , , 
Maharashtra,Beed,Parli, , , 
Maharashtra,Beed,Patoda, , , 
Maharashtra,Beed,Shirur (Kasar), , , 
Maharashtra,Beed,Wadwani, , , 
Maharashtra,Bhandara,Bhandara., , , 
Maharashtra,Bhandara,Lakhandur,3,23.870,498.84
Maharashtra,Bhandara,Lakhani,2,5.180,133.03
Maharashtra,Bhandara,Mohadi, , , 
Maharashtra,Bhandara,Pauni, , , 
Maharashtra,Bhandara,Sakoli,4,16.800,432.79
Maharashtra,Bhandara,Tumsar, , , 
Maharashtra,Buldhana,Buldhana, , , 
Maharashtra,Buldhana,Chikhali, , , 
Maharashtra,Buldhana,Deulgaon Raja, , , 
Maharashtra,Buldhana,Jalgaon Jamod, , , 
Maharashtra,Buldhana,Khamgaon, , , 
Maharashtra,Buldhana,Lonar, , , 
Maharashtra,Buldhana,Malkapur, , , 
Maharashtra,Buldhana,Mehkar, , , 
Maharashtra,Buldhana,Motala, , , 
Maharashtra,Buldhana,Nandura, , , 
Maharashtra,Buldhana,Sangrampur, , , 
Maharashtra,Buldhana,Shegaon, , , 
Maharashtra,Buldhana,Sindhkhed Raja,,,
Maharashtra,Buldhana,Telhara,,,
Maharashtra,Chandrapur,Bhadravati,,,
Maharashtra,Chandrapur,Brahmapuri,,,
Maharashtra,Chandrapur,Chandrapur,,,
Maharashtra,Chandrapur,Chimur,,,
Maharashtra,Chandrapur,Gondpipri,,,
Maharashtra,Chandrapur,Korpana,,,
Maharashtra,Chandrapur,Mul,,,
Maharashtra,Chandrapur,Nagbhid,,,
Maharashtra,Chandrapur,Rajura,,,
Maharashtra,Chandrapur,Sawali,,,
Maharashtra,Chandrapur,Shindewahi,,,
Maharashtra,Chandrapur,Warora,,,
Maharashtra,Chandrapur,Ballarpur,,,
Maharashtra,Chandrapur,Jiwati,,,
Maharashtra,Chandrapur,Pomburna,,,
Maharashtra,Dhule,Dhule,,,
Maharashtra,Dhule,Sakri,,,
Maharashtra,Dhule,Shindkheda,,,
Maharashtra,Dhule,Shirpur,,,
Maharashtra,Gadchiroli,Aheri,,,
Maharashtra,Gadchiroli,Armori,,,
Maharashtra,Gadchiroli,Bhamragad,,,
Maharashtra,Gadchiroli,Chamorshi,,,
Maharashtra,Gadchiroli,Dhanora,,,
Maharashtra,Gadchiroli,Etapalli,,,
Maharashtra,Gadchiroli,Gadchiroli,,,
Maharashtra,Gadchiroli,Korchi,,,
Maharashtra,Gadchiroli,Kurkheda,,,
Maharashtra,Gadchiroli,Mulchera,,,
Maharashtra,Gadchiroli,Sironcha,,,
Maharashtra,Gadchiroli,Wadsa,,,
Maharashtra,Gondia,Amgaon,,,
Maharashtra,Gondia,Arjuni/ Morgaon,,,
Maharashtra,Gondia,Deori,,,
Maharashtra,Gondia,Gondia,,,
Maharashtra,Gondia,Goregaon,,,
Maharashtra,Gondia,Sadak/ Arjuni,,,
Maharashtra,Gondia,Salekasa,,,
Maharashtra,Gondia,Tirora,,,
Maharashtra,Hingoli,Aundha Nagn,,,
Maharashtra,Hingoli,Basmath,,,
Maharashtra,Hingoli,Hingoli,,,
Maharashtra,Hingoli,Kalamnuri,,,
Maharashtra,Hingoli,Sengaon,,,
Maharashtra,Jalgaon,Amalner,,,
Maharashtra,Jalgaon,Bhadgaon,,,
Maharashtra,Jalgaon,Bhusawal,,,
Bihar,Munger,Asharganj,4,7.134,306.71
Bihar,Munger,Bariarpur, , , 
Bihar,Munger,Dharhara,3,6.725,348.78
Bihar,Munger,Jamalpur,2,3.608,223.68
Bihar,Munger,Kharagpur,8,15.139,647.01
Bihar,Munger,Munger Sadar,4,3.105,141.07
Bihar,Munger,Sangrampur,1,2.470,90.17
Bihar,Munger,Tarapur, , , 
Bihar,Munger,Tetia Bamber, , , 
Bihar,Muzaffarpur,Aurai,17,61.817,"3,748.77"
Bihar,Muzaffarpur,Bandra, , , 
Bihar,Muzaffarpur,Bochaha,22,61.504,"4,111.60"
Bihar,Muzaffarpur,Gaighat,20,75.022,"4,627.86"
Bihar,Muzaffarpur,Kanti,48,128.685,"7,249.30"
Bihar,Muzaffarpur,Katra,10,31.234,"1,962.10"
Bihar,Muzaffarpur,Kurhani,28,88.410,"3,990.70"
Bihar,Muzaffarpur,Marwan,25,85.179,"5,155.55"
Bihar,Muzaffarpur,Minapur,49,152.357,"9,739.59"
Bihar,Muzaffarpur,Motipur,53,176.762,"10,167.58"
Bihar,Muzaffarpur,Muraul,4,19.450,"1,219.72"
Bihar,Muzaffarpur,Mushahari,20,54.950,"3,365.24"
Bihar,Muzaffarpur,Paru,43,152.499,"8,863.57"
Bihar,Muzaffarpur,Sahebganj,37,117.501,"7,183.67"
Bihar,Muzaffarpur,Sakra,24,66.206,"3,175.26"
Bihar,Muzaffarpur,Saraiya,41,130.419,"7,147.55"
Bihar,Nalanda,Asthawan,2,1.900,77.14
Bihar,Nalanda,Ben,8,35.745,"1,470.05"
Bihar,Nalanda,Bihar Sharif,3,13.602,414.41
Bihar,Nalanda,Bind,1,3.950,207.78
Bihar,Nalanda,Chandi,6,8.350,400.70
Bihar,Nalanda,Ekangarsarai,15,28.808,"1,316.75"
Bihar,Nalanda,Giriak, , , 
Bihar,Nalanda,Harnaut,2,6.000,311.60
Bihar,Nalanda,Hilsa,11,17.843,767.14
Bihar,Nalanda,Islampur,9,25.704,"1,152.37"
Bihar,Nalanda,Karai Parsurai,4,13.211,727.31
Bihar,Nalanda,Katri Sarai, , , 
Bihar,Nalanda,Nagarnausa,8,24.130,"1,219.37"
Bihar,Nalanda,Noorsarai,1,2.000,70.54
Bihar,Nalanda,Parwalpur,4,15.642,672.03
Bihar,Nalanda,Rahui,2,16.500,932.18
Bihar,Nalanda,Rajgir,1,2.350,79.64
Bihar,Nalanda,Sarmera,1,1.450,41.33
Bihar,Nalanda,Silaw,1,5.050,199.68
Bihar,Nalanda,Tharthari,4,5.893,255.29
Bihar,Nawada,Akbarpur,17,55.333,"2,367.15"
Bihar,Nawada,Govindpur,10,30.525,"1,523.51"
Bihar,Nawada,Hisua,6,19.344,766.34
Bihar,Nawada,Kashichak,6,28.875,"1,422.72"
Bihar,Nawada,Kauakol,18,47.164,"2,058.51"
Bihar,Nawada,Meskaur,5,30.098,"1,209.43"
Bihar,Nawada,Nardiganj,7,19.121,813.46
Bihar,Nawada,Narhat,7,32.993,"1,411.63"
Bihar,Nawada,Nawada,18,59.364,"2,542.39"
Bihar,Nawada,Pakri Barwan,11,45.852,"2,254.78"
Bihar,Nawada,Rajauli,12,40.650,"1,670.63"
Bihar,Nawada,Roh,12,37.790,"1,646.03"
Bihar,Nawada,Sirdala,9,48.823,"2,081.25"
Bihar,Nawada,Warsalliganj,14,49.544,"2,366.30"
Bihar,Patna,Athmalgola, , , 
Bihar,Patna,Bakhtiarpur,10,25.857,"1,234.32"
Bihar,Patna,Barh,9,22.627,"1,374.57"
Bihar,Patna,Belchhi,6,24.494,"1,348.55"
Bihar,Patna,Bihta,27,58.689,"2,718.80"
Bihar,Patna,Bikram,35,83.901,"4,381.19"
Bihar,Patna,Danapur,21,63.615,"3,791.47"
Bihar,Patna,Daniyawan,6,11.589,633.62
Bihar,Patna,Dhanarua,33,83.748,"3,916.86"
Bihar,Patna,Dulhin Bazar,5,11.294,664.59
Bihar,Patna,Fatuhan,29,75.572,"3,967.59"
Bihar,Patna,Fulwari,14,28.316,"1,507.03"
Bihar,Patna,Ghoswari,10,25.090,"1,409.22"
Bihar,Patna,Khushrupur,3,4.762,270.48
Bihar,Patna,Maner,9,31.090,"1,359.36"
Bihar,Patna,Masaurhi,19,60.601,"2,705.66"
Bihar,Patna,Mokama,4,3.090,139.77
Bihar,Patna,Naubatpur,31,83.080,"4,121.21"
Bihar,Patna,Paliganj,19,54.693,"3,021.29"
Bihar,Patna,Pandarak,15,48.844,"2,465.49"
Bihar,Patna,Patna Sadar,10,27.143,"1,266.49"
Bihar,Patna,Punpun,24,46.481,"2,274.07"
Bihar,Patna,Sampatchak,10,28.190,"1,335.31"
Bihar,Purnia,Amaur,25,113.218,"5,720.87"
Bihar,Purnia,Baisa,27,93.548,"5,504.79"
Bihar,Purnia,Baisi,2,9.140,531.54
Bihar,Purnia,Banmankhi,9,33.830,"1,654.62"
Bihar,Purnia,Barhara Kothi,7,51.220,"2,615.36"
Bihar,Purnia,Bhawanipur,14,53.670,"2,422.45"
Bihar,Purnia,Dagarua,18,71.544,"3,662.36"
Bihar,Purnia,Dhamdaha,9,33.388,"1,481.79"
Bihar,Purnia,Jalalgarh,12,43.675,"1,917.04"
Bihar,Purnia,Kasba,7,18.276,878.70
Bihar,Purnia,Kritya Nand Nagar,12,57.075,"2,453.52"
Bihar,Purnia,Purnia East,8,26.805,"1,245.74"
Bihar,Purnia,Rupauli,8,44.877,"1,864.60"
Bihar,Purnia,Sri Nagar,4,22.682,"1,033.92"
Bihar,Rohtas,Akhorhi Gola,10,31.416,"1,076.73"
Bihar,Rohtas,Bikramganj,11,43.267,"1,597.08"
Bihar,Rohtas,Chenari,11,29.682,"1,154.06"
Bihar,Rohtas,Dawath,6,13.845,495.40
Bihar,Rohtas,Dehri,5,21.950,947.42
Bihar,Rohtas,Dinara,47,129.744,"4,992.74"
Bihar,Rohtas,Karakat,24,65.094,"2,187.68"
Bihar,Rohtas,Kargahar,18,90.955,"3,317.16"
Bihar,Rohtas,Kchas,20,87.466,"3,053.07"
Bihar,Rohtas,Nasri Ganj,4,14.144,462.01
Bihar,Rohtas,Nauhatta,5,15.477,649.89
Bihar,Rohtas,Nokha,6,13.959,399.17
Bihar,Rohtas,Rajpur,1,7.725,344.95
Bihar,Rohtas,Rohtas,3,7.114,307.73
Bihar,Rohtas,Sanjhauli,5,19.822,502.08
Bihar,Rohtas,Sasaram,13,53.460,"1,687.35"
Bihar,Rohtas,Sheo Sagar,8,37.965,"1,528.10"
Bihar,Rohtas,Suryapura,7,10.945,394.01
Bihar,Rohtas,Tilauthu,,,
Bihar,Saharsa,Banma Itahari,,,
Bihar,Saharsa,Kahara,,,
Bihar,Saharsa,Mahishi,,,
Bihar,Saharsa,Nauhatta,,,
Bihar,Saharsa,Patarghat,,,
Bihar,Saharsa,Salkhua,,,
Bihar,Saharsa,Satarkateya,,,
Bihar,Saharsa,Saurbazar,,,
Bihar,Saharsa,Simri Bakhtiarpur,,,
Bihar,Saharsa,Sonbarsa,,,
Bihar,Samastipur,Bibhutipur,,,
Bihar,Samastipur,Bithan,,,
Bihar,Samastipur,Dalsingh Sarai,,,
Bihar,Samastipur,Hasanpur,,,
Bihar,Samastipur,Kalyanpur,,,
Bihar,Samastipur,Khanpur,,,
Bihar,Samastipur,Mohanpur,,,
Bihar,Samastipur,Mohiuddinnagar,,,
Bihar,Samastipur,Morwa,,,
Bihar,Samastipur,Patori,,,
Bihar,Samastipur,Pusa,,,
Bihar,Samastipur,Rosera,,,
Bihar,Samastipur,Samastipur,,,
Bihar,Samastipur,Sarairanjan,,,
Bihar,Samastipur,Shivaji Nagar,,,
Bihar,Samastipur,Singhia,,,
Bihar,Samastipur,Tajpur,,,
Bihar,Samastipur,Ujiarpur,,,
Bihar,Samastipur,Vidya Pati Nagar,,,
Bihar,Samastipur,Warisnagar,,,
Bihar,Sheikhpura,Ariari,,,
Bihar,Sheikhpura,Barbigha,,,
Bihar,Sheikhpura,Chewara,,,
Bihar,Sheikhpura,Ghat Kusumbha,,,
Bihar,Sheikhpura,Shekhopur Sarai,,,
Bihar,Sheikhpura,Shekhpura,,,
Bihar,Sheohar,Dumri Katsari,,,
Bihar,Sheohar,Piprahi,,,
Bihar,Sheohar,Purnahia,,,
Bihar,Sheohar,Sheohar,,,
Bihar,Sheohar,Tariyani,,,
Bihar,Sitamarhi,Bajpatti,,,
Bihar,Sitamarhi,Bargania,,,
Bihar,Sitamarhi,Bathnaha,,,
Bihar,Sitamarhi,Belsand,,,
Bihar,Sitamarhi,Bokhra,,,
Bihar,Sitamarhi,Choraut,,,
Bihar,Sitamarhi,Dumra,,,
Maharashtra,Jalgaon,Chalisgaon, , , 
Maharashtra,Jalgaon,Chopda, , , 
Maharashtra,Jalgaon,Erandol, , , 
Maharashtra,Jalgaon,Jalgaon, , , 
Maharashtra,Jalgaon,Jamner, , , 
Maharashtra,Jalgaon,Muktainagar, , , 
Maharashtra,Jalgaon,Pachora, , , 
Maharashtra,Jalgaon,Parola, , , 
Maharashtra,Jalgaon,Raver, , , 
Maharashtra,Jalgaon,Yawal, , , 
Maharashtra,Jalgaon,Bodhwad, , , 
Maharashtra,Jalgaon,Dharangaon, , , 
Maharashtra,Jalna,Ambad, , , 
Maharashtra,Jalna,Badnapur, , , 
Maharashtra,Jalna,Bhokardan, , , 
Maharashtra,Jalna,Ghanswangi, , , 
Maharashtra,Jalna,Jafrabad, , , 
Maharashtra,Jalna,Jalna, , , 
Maharashtra,Jalna,Mantha, , , 
Maharashtra,Jalna,Partur,1,1.650,59.75
Maharashtra,Kolhapur,Ajara, , , 
Maharashtra,Kolhapur,Bhudargad, , , 
Maharashtra,Kolhapur,Chandagad, , , 
Maharashtra,Kolhapur,Gadhinglaj, , , 
Maharashtra,Kolhapur,Gaganbavada, , , 
Maharashtra,Kolhapur,Hatkanangle, , , 
Maharashtra,Kolhapur,Kagal, , , 
Maharashtra,Kolhapur,Karveer, , , 
Maharashtra,Kolhapur,Panhala, , , 
Maharashtra,Kolhapur,Radhanagri, , , 
Maharashtra,Kolhapur,Shahuwadi, , , 
Maharashtra,Kolhapur,Shirol, , , 
Maharashtra,Latur,Ahmadpur, , , 
Maharashtra,Latur,Ausa, , , 
Maharashtra,Latur,Chakur, , , 
Maharashtra,Latur,Deoni, , , 
Maharashtra,Latur,Jalkot, , , 
Maharashtra,Latur,Latur, , , 
Maharashtra,Latur,Nilanga, , , 
Maharashtra,Latur,Renapur, , , 
Maharashtra,Latur,Shirur Anantpal, , , 
Maharashtra,Latur,Udgir, , , 
Maharashtra,Mumbai,All Blocks, , , 
Maharashtra,Mumbai Suburban,All Blocks, , , 
Maharashtra,Nagpur,Bhiwapur, , , 
Maharashtra,Nagpur,Hingna, , , 
Maharashtra,Nagpur,Kalmeshwar, , , 
Maharashtra,Nagpur,Kamptee, , , 
Maharashtra,Nagpur,Katol, , , 
Maharashtra,Nagpur,Kuhi, , , 
Maharashtra,Nagpur,Mouda, , , 
Maharashtra,Nagpur,Nagpur, , , 
Maharashtra,Nagpur,Narkhed, , , 
Maharashtra,Nagpur,Parseoni, , , 
Maharashtra,Nagpur,Ramtek, , , 
Maharashtra,Nagpur,Saoner, , , 
Maharashtra,Nagpur,Umred, , , 
Maharashtra,Nanded,Ardhapur, , , 
Maharashtra,Nanded,Bhokar, , , 
Maharashtra,Nanded,Biloli, , , 
Maharashtra,Nanded,Deglur, , , 
Maharashtra,Nanded,Dharmabad, , , 
Maharashtra,Nanded,Hadgaon, , , 
Maharashtra,Nanded,Himayatnagar, , , 
Maharashtra,Nanded,Kandhar, , , 
Maharashtra,Nanded,Kinwat,25,70.070,"2,102.89"
Maharashtra,Nanded,Loha, , , 
Maharashtra,Nanded,Mahur, , , 
Maharashtra,Nanded,Mudkhed, , , 
Maharashtra,Nanded,Mukhed, , , 
Maharashtra,Nanded,Naigaon, , , 
Maharashtra,Nanded,Nanded, , , 
Maharashtra,Nanded,Umri, , , 
Maharashtra,Nandurbar,Akkalkuwa,13,108.595,"4,929.68"
Maharashtra,Nandurbar,Akrani,13,103.920,"4,651.38"
Maharashtra,Nandurbar,Nandurbar, , , 
Maharashtra,Nandurbar,Nawapur, , , 
Maharashtra,Nandurbar,Shahada, , , 
Maharashtra,Nandurbar,Taloda, , , 
Maharashtra,Nashik,Baglan, , , 
Maharashtra,Nashik,Chandwad, , , 
Maharashtra,Nashik,Deola, , , 
Maharashtra,Nashik,Dindori, , , 
Maharashtra,Nashik,Igatpuri, , , 
Maharashtra,Nashik,Kalwan, , , 
Maharashtra,Nashik,Malegaon, , , 
Maharashtra,Nashik,Nandgaon, , , 
Maharashtra,Nashik,Nashik, , , 
Maharashtra,Nashik,Niphad, , , 
Maharashtra,Nashik,Peth, , , 
Maharashtra,Nashik,Sinner, , , 
Maharashtra,Nashik,Surgana, , , 
Maharashtra,Nashik,Trimbkeshwar, , , 
Maharashtra,Nashik,Yeola, , , 
Maharashtra,Osmanabad,Bhoom, , , 
Maharashtra,Osmanabad,Kallam, , , 
Maharashtra,Osmanabad,Lohara, , , 
Maharashtra,Osmanabad,Omerga, , , 
Maharashtra,Osmanabad,Osmanabad, , , 
Maharashtra,Osmanabad,Paranda, , , 
Maharashtra,Osmanabad,Tuljapur, , , 
Maharashtra,Osmanabad,Washi, , , 
Maharashtra,Palghar,Dahanu,1,2.500,77.22
Maharashtra,Palghar,Jawhar, , , 
Maharashtra,Palghar,Mokhada,1,6.350,315.56
Maharashtra,Palghar,Palghar,1,11.250,686.18
Maharashtra,Palghar,Talasari, , , 
Maharashtra,Palghar,Vasai, , , 
Maharashtra,Palghar,Vikramgad, , , 
Maharashtra,Palghar,Wada, , , 
Maharashtra,Parbhani,Gangakhed, , , 
Maharashtra,Parbhani,Jintur, , , 
Maharashtra,Parbhani,Manwath, , , 
Maharashtra,Parbhani,Palam,,,
Maharashtra,Parbhani,Parbhani,,,
Maharashtra,Parbhani,Pathri,,,
Maharashtra,Parbhani,Purna,,,
Maharashtra,Parbhani,Sailu,,,
Maharashtra,Parbhani,Sonpeth,,,
Maharashtra,Pune,Ambegaon,,,
Maharashtra,Pune,Baramati,,,
Maharashtra,Pune,Bhor,,,
Maharashtra,Pune,Dound,,,
Maharashtra,Pune,Haveli,,,
Maharashtra,Pune,Indapur,,,
Maharashtra,Pune,Junnar,,,
Maharashtra,Pune,Khed,,,
Maharashtra,Pune,Maval,,,
Maharashtra,Pune,Mulshi,,,
Maharashtra,Pune,Purandhar,,,
Maharashtra,Pune,Shirur,,,
Maharashtra,Pune,Velha,,,
Maharashtra,Raigad,Alibag,,,
Maharashtra,Raigad,Karjat,,,
Maharashtra,Raigad,Khalapur,,,
Maharashtra,Raigad,Mahad,,,
Maharashtra,Raigad,Mangaon,,,
Maharashtra,Raigad,Mhasala,,,
Maharashtra,Raigad,Murud,,,
Maharashtra,Raigad,Panvel,,,
Maharashtra,Raigad,Pen,,,
Maharashtra,Raigad,Poladpur,,,
Maharashtra,Raigad,Roha,,,
Maharashtra,Raigad,Shriwardhan,,,
Maharashtra,Raigad,Sudhagad,,,
Maharashtra,Raigad,Tala,,,
Maharashtra,Raigad,Uran,,,
Maharashtra,Ratnagiri,Chiplun,,,
Maharashtra,Ratnagiri,Dapoli,,,
Maharashtra,Ratnagiri,Guhagar,,,
Maharashtra,Ratnagiri,Khed,,,
Maharashtra,Ratnagiri,Lanja,,,
Maharashtra,Ratnagiri,Mandangad,,,
Maharashtra,Ratnagiri,Rajapur,,,
Maharashtra,Ratnagiri,Ratnagiri,,,
Maharashtra,Ratnagiri,Sangameshwar,,,
Maharashtra,Sangali,Atpadi,,,
Maharashtra,Sangali,Jath,,,
Maharashtra,Sangali,Kavathemahankal,,,
Maharashtra,Sangali,Khanapur,,,
Maharashtra,Sangali,Miraj,,,
Maharashtra,Sangali,Palus,,,
Maharashtra,Sangali,Shirala,,,
Maharashtra,Sangali,Tasgaon, , , 
Maharashtra,Sangali,Walwa, , , 
Maharashtra,Sangali,Kadegaon, , , 
Maharashtra,Satara,Jaoli, , , 
Maharashtra,Satara,Karad, , , 
Maharashtra,Satara,Khandala, , , 
Maharashtra,Satara,Khatav, , , 
Maharashtra,Satara,Koregaon, , , 
Maharashtra,Satara,Mahableshwar, , , 
Maharashtra,Satara,Man, , , 
Maharashtra,Satara,Patan, , , 
Maharashtra,Satara,Phaltan, , , 
Maharashtra,Satara,Satara, , , 
Maharashtra,Satara,Wai, , , 
Maharashtra,Sindhudurg,Devgad, , , 
Maharashtra,Sindhudurg,Dodamarg, , , 
Maharashtra,Sindhudurg,Kankavli, , , 
Maharashtra,Sindhudurg,Kudal, , , 
Maharashtra,Sindhudurg,Malvan, , , 
Maharashtra,Sindhudurg,Savantwadi, , , 
Maharashtra,Sindhudurg,Vaibhavwadi, , , 
Maharashtra,Sindhudurg,Vengurla, , , 
Maharashtra,Solapur,Akkalkot, , , 
Maharashtra,Solapur,Barshi, , , 
Maharashtra,Solapur,Karmala, , , 
Maharashtra,Solapur,Madha, , , 
Maharashtra,Solapur,Malshiras, , , 
Maharashtra,Solapur,Mangalwedha, , , 
Maharashtra,Solapur,Mohol, , , 
Maharashtra,Solapur,North Solapur, , , 
Maharashtra,Solapur,Pandharpur, , , 
Maharashtra,Solapur,Sangola, , , 
Maharashtra,Solapur,South Solapur, , , 
Maharashtra,Thane,Ambarnath, , , 
Maharashtra,Thane,Ambarnath, , , 
Maharashtra,Thane,Bhiwandi, , , 
Maharashtra,Thane,Kalyan, , , 
Maharashtra,Thane,Murbad, , , 
Maharashtra,Thane,Shahapur, , , 
Maharashtra,Thane,Thane, , , 
Maharashtra,Wardha,Arvi, , , 
Maharashtra,Wardha,Ashti, , , 
Maharashtra,Wardha,Deoli, , , 
Maharashtra,Wardha,Hinganghat, , , 
Maharashtra,Wardha,Karanja, , , 
Maharashtra,Wardha,Samudrapur, , , 
Maharashtra,Wardha,Seloo, , , 
Maharashtra,Wardha,Wardha, , , 
Maharashtra,Washim,Karanja, , , 
Maharashtra,Washim,Malegaon, , , 
Maharashtra,Washim,Mangrulpir, , , 
Maharashtra,Washim,Monora, , , 
Maharashtra,Washim,Rishod, , , 
Maharashtra,Washim,Washim, , , 
Maharashtra,Yavatmal,Arni,1,21.000,594.66
Maharashtra,Yavatmal,Babulgaon, , , 
Maharashtra,Yavatmal,Darwha, , , 
Maharashtra,Yavatmal,Digras, , , 
Maharashtra,Yavatmal,Ghatanji,2,40.500,959.67
Maharashtra,Yavatmal,Kalamb, , , 
Maharashtra,Yavatmal,Kelapur,1,29.100,648.48
Maharashtra,Yavatmal,Mahagaon, , , 
Maharashtra,Yavatmal,Maregaon, , , 
Maharashtra,Yavatmal,Ner, , , 
Maharashtra,Yavatmal,Pusad, , , 
Maharashtra,Yavatmal,Relagaon, , , 
Maharashtra,Yavatmal,Umarkhed, , , 
Maharashtra,Yavatmal,Wani,1,9.000,241.80
Maharashtra,Yavatmal,Yeotmal, , , 
Maharashtra,Yavatmal,Zarijamni, , , 
Rajasthan,Ajmer,Arain,2,19.000,251.72
Rajasthan,Ajmer,Peesangan,1,2.500,82.22
Rajasthan,Ajmer,Silora (Kishangarh),1,22.000,498.22
Rajasthan,Ajmer,Srinagar,1,16.300,197.89
Rajasthan,Alwar,Kathumar,2,25.650,796.81
Rajasthan,Alwar,Lachhmangarh,1,12.000,472.22
Rajasthan,Alwar,Rajgarh, , , 
Rajasthan,Alwar,Ramgarh,6,81.645,"1,863.52"
Rajasthan,Alwar,Reni,2,23.075,678.83
Rajasthan,Alwar,Thanagazi, , , 
Rajasthan,Alwar,Umren,2,25.430,547.15
Rajasthan,Anoopgarh,Raisinghnagar,4,35.800,937.55
Rajasthan,Anoopgarh,Anupgarh,3,33.500,757.86
Rajasthan,Anoopgarh,Gharsana,3,24.000,609.72
Rajasthan,Balotra,Siwana,4,40.200,703.29
Rajasthan,Balotra,Balotra (Pachpadra),5,21.100,357.22
Rajasthan,Balotra,Baytoo,4,29.830,514.97
Rajasthan,Balotra,Sindhari,6,51.850,836.14
Rajasthan,Banswara,Anandpuri, , , 
Rajasthan,Banswara,Bagidora, , , 
Rajasthan,Banswara,Banswara, , , 
Rajasthan,Banswara,Chhoti Sarwan, , , 
Rajasthan,Banswara,Garhi, , , 
Rajasthan,Banswara,Ghatol, , , 
Rajasthan,Banswara,Kushalgarh, , , 
Rajasthan,Banswara,Sajjangarh, , , 
Rajasthan,Baran,Anta, , , 
Rajasthan,Baran,Atru, , , 
Rajasthan,Baran,Baran, , , 
Rajasthan,Baran,Chhabra, , , 
Rajasthan,Baran,Chhipabarod, , , 
Rajasthan,Baran,Kishanganj, , , 
Rajasthan,Baran,Shahbad, , , 
Rajasthan,Barmer,Barmer,3,24.100,386.09
Rajasthan,Barmer,Chohtan,6,52.800,"1,040.20"
Rajasthan,Barmer,Dhorimanna (Gudha Malani),5,45.850,936.18
Rajasthan,Barmer,Sheo,6,52.000,942.19
Rajasthan,Beawar,Jawaja, , , 
Rajasthan,Beawar,Masooda,2,23.000,552.71
Rajasthan,Beawar,Jaitaran,1,17.000,309.64
Rajasthan,Beawar,Raipur, , , 
Rajasthan,Bharatpur,Bayana,,,
Rajasthan,Bharatpur,Nadbai,,,
Rajasthan,Bharatpur,Rupbas,,,
Rajasthan,Bharatpur,Sewar,,,
Rajasthan,Bharatpur,Weir,,,
Rajasthan,Bhilwara,Asind,,,
Rajasthan,Bhilwara,Hurda,,,
Rajasthan,Bhilwara,Mandal,,,
Rajasthan,Bhilwara,Mandalgarh,,,
Rajasthan,Bhilwara,Raipur,,,
Rajasthan,Bhilwara,Sahara,,,
Rajasthan,Bhilwara,Suwana,,,
Rajasthan,Bikaner,Bikaner,,,
Rajasthan,Bikaner,Dungargarh,,,
Rajasthan,Bikaner,Khajuwala,,,
Rajasthan,Bikaner,Kolayat,,,
Rajasthan,Bikaner,Lunkaransar,,,
Rajasthan,Bikaner,Nokha,,,
Rajasthan,Bundi,Bundi,,,
Rajasthan,Bundi,Hindoli,,,
Rajasthan,Bundi,Keshoraipatan,,,
Rajasthan,Bundi,Nainwa,,,
Rajasthan,Bundi,Talera,,,
Rajasthan,Chittaurgarh,Bari Sadri,,,
Rajasthan,Chittaurgarh,Begun,,,
Rajasthan,Chittaurgarh,Bhadesar,,,
Rajasthan,Chittaurgarh,Bhainsrorgarh,,,
Rajasthan,Chittaurgarh,Bhopalsagar,,,
Rajasthan,Chittaurgarh,Chittaurgarh,,,
Rajasthan,Chittaurgarh,Dungla,,,
Rajasthan,Chittaurgarh,Gangrar,,,
Rajasthan,Chittaurgarh,Kapasan,,,
Rajasthan,Chittaurgarh,Nimbahera,,,
Rajasthan,Chittaurgarh,Rashmi,,,
Rajasthan,Churu,Churu,,,
Rajasthan,Churu,Rajgarh,,,
Rajasthan,Churu,Ratangarh,,,
Rajasthan,Churu,Sardarshahar,,,
Rajasthan,Churu,Sujangarh,,,
Rajasthan,Churu,Taranagar,,,
Rajasthan,Dausa,Bandikui,,,
Rajasthan,Dausa,Dausa,,,
Rajasthan,Dausa,Lalsot,,,
Rajasthan,Dausa,Mahwa,,,
Rajasthan,Dausa,Sikrai,,,
Rajasthan,Deeg,Deeg,,,
Rajasthan,Deeg,Kaman,,,
Rajasthan,Deeg,Kumher,,,
Rajasthan,Deeg,Nagar (Nagar Pahari),,,
Rajasthan,Dholpur,Bari,,,
Rajasthan,Dholpur,Baseri,,,
Rajasthan,Dholpur,Dhaulpur,,,
